Ntriples,Ntrials,Mean Query2(ms), Std Query2(ms), Nres Query2,Mean Query3(ms), Std Query3(ms), Nres Query3,Mean Query4(ms), Std Query4(ms), Nres Query4,Mean Query5(ms), Std Query5(ms), Nres Query5,Mean Query6(ms), Std Query6(ms), Nres Query6,Mean Query7(ms), Std Query7(ms), Nres Query7
1038,10,51.70,112.82,16,72.20,166.82,16,15.90,37.17,4,3911.80,8932.09,2,2554.70,5561.99,10,37.30,2.19,10
2058,10,8.30,11.12,16,3.60,0.49,16,1.60,0.49,4,732.40,246.52,2,770.70,203.93,10,37.60,2.42,10
2970,10,9.80,10.06,16,7.20,3.66,16,2.00,0.77,4,873.60,210.71,2,661.90,38.82,10,36.50,3.47,10
3938,10,9.00,14.70,16,7.90,10.49,16,1.70,0.64,4,822.30,350.25,2,722.80,257.13,10,37.60,16.32,10
4888,10,5.80,9.75,16,2.70,0.46,16,1.30,0.46,4,719.70,129.55,2,733.30,237.68,10,36.20,9.70,10
5785,10,5.80,10.08,16,2.30,0.46,16,1.00,0.00,4,711.80,121.64,2,733.20,218.67,10,38.60,4.29,10
6777,10,9.40,13.43,16,3.50,1.02,16,1.20,0.40,4,674.00,72.51,2,781.80,293.03,10,38.80,6.46,10
7734,10,7.30,12.92,16,4.00,0.77,16,1.50,0.50,4,753.20,50.14,2,1032.50,384.57,10,47.60,3.26,10
8654,10,10.70,19.81,16,11.60,12.04,16,4.40,8.88,4,749.80,160.44,2,725.90,81.37,10,36.00,2.83,10
9596,10,7.20,10.94,16,3.50,0.50,16,1.60,0.49,4,934.50,415.36,2,853.90,30.39,10,45.60,7.32,10
10515,10,6.20,7.95,16,4.80,3.12,16,1.60,0.49,4,660.50,68.32,2,779.40,325.95,10,50.20,17.14,10
11504,10,7.00,11.68,16,3.50,0.50,16,1.50,0.50,4,735.80,144.99,2,830.50,145.38,10,165.90,371.05,10
12467,10,13.10,28.65,16,3.70,1.19,16,1.30,0.46,4,679.60,117.59,2,733.10,38.91,10,38.50,11.73,10
13434,10,12.60,33.47,16,2.00,0.45,16,1.00,0.00,4,610.10,142.70,2,836.80,399.01,10,37.30,2.65,10
14411,10,6.00,10.68,16,2.40,0.49,16,1.00,0.45,4,725.90,93.16,2,804.30,210.48,10,31.20,7.17,10
15378,10,12.40,23.40,16,1.60,0.49,16,0.60,0.49,4,788.00,416.47,2,669.50,33.49,10,37.60,3.80,10
16356,10,5.50,9.84,16,2.40,0.49,16,0.90,0.30,4,613.60,51.03,2,660.30,39.77,10,35.60,2.15,10
17306,10,4.20,7.28,16,1.70,0.46,16,0.80,0.40,4,729.30,604.81,2,779.70,84.58,10,26.80,6.16,10
18239,10,20.00,51.67,16,2.70,0.46,16,0.90,0.54,4,751.20,105.43,2,922.00,439.63,10,34.70,6.74,10
19237,10,5.70,10.45,16,2.20,0.40,16,1.20,0.40,4,772.20,121.91,2,895.70,87.87,10,41.00,13.53,10
20189,10,6.80,13.41,16,2.40,0.49,16,1.20,0.40,4,679.80,34.68,2,938.70,389.69,10,49.20,5.60,10
21192,10,6.10,9.65,16,3.10,0.30,16,1.80,1.54,4,782.30,79.46,2,755.00,67.94,10,46.20,23.99,10
22167,10,9.20,21.95,16,1.60,0.49,16,0.60,0.49,4,671.80,133.68,2,872.60,410.80,10,38.10,2.70,10
23146,10,4.90,8.04,16,2.20,0.40,16,1.00,0.45,4,752.70,66.26,2,703.80,31.80,10,39.80,4.83,10
24074,10,5.60,10.80,16,2.30,0.46,16,1.10,0.70,4,727.90,112.75,2,887.50,519.57,10,37.10,2.62,10
25039,10,5.30,10.24,16,2.00,0.63,16,1.00,0.00,4,647.90,88.52,2,718.10,53.15,10,38.60,15.84,10
26010,10,4.70,8.45,16,1.80,0.60,16,0.80,0.60,4,650.80,60.38,2,670.90,46.71,10,41.10,16.18,10
26937,10,5.00,8.34,16,2.20,0.60,16,1.20,0.40,4,695.60,76.90,2,874.80,442.41,10,30.80,5.64,10
27879,10,4.80,7.74,16,2.40,0.66,16,0.90,0.30,4,676.70,56.14,2,789.30,32.72,10,42.00,17.26,10
28812,10,4.40,6.87,16,2.10,0.30,16,0.80,0.40,4,767.00,112.69,2,931.80,190.76,10,51.30,8.33,10
29775,10,18.50,50.50,16,2.60,0.49,16,1.20,0.40,4,685.90,524.98,2,593.90,75.20,10,28.40,6.76,10
30744,10,6.00,13.34,16,1.60,0.66,16,0.70,0.46,4,683.20,158.64,2,580.70,92.20,10,35.30,5.31,10
31760,10,63.50,185.17,16,1.50,0.67,16,0.70,0.46,4,638.90,92.63,2,939.80,399.92,10,27.30,6.20,10
32743,10,6.00,12.01,16,3.00,0.89,16,1.40,0.66,4,683.60,141.23,2,617.50,72.39,10,27.70,4.61,10
33746,10,5.60,11.14,16,1.90,0.30,16,2.20,3.60,4,584.20,117.87,2,841.40,476.38,10,26.00,0.89,10
34712,10,4.40,7.88,16,1.90,0.30,16,0.80,0.40,4,561.90,166.04,2,577.30,67.14,10,27.00,0.89,10
35650,10,3.70,6.78,16,1.60,0.49,16,0.80,0.40,4,392.90,47.96,2,475.30,102.64,10,44.00,19.88,10
36590,10,4.60,8.15,16,2.70,0.46,16,1.10,0.54,4,605.00,92.53,2,805.10,373.99,10,37.30,5.69,10
37535,10,6.80,14.40,16,2.00,0.00,16,1.10,0.30,4,644.80,38.49,2,665.70,112.76,10,26.20,2.04,10
38501,10,73.60,211.80,16,2.80,1.47,16,2.30,2.28,4,679.40,100.10,2,938.30,551.74,10,41.50,12.67,10
39509,10,5.60,13.14,16,1.40,0.49,16,0.80,0.40,4,653.10,61.15,2,758.20,40.09,10,42.10,10.01,10
40509,10,8.80,21.41,16,2.10,0.30,16,0.80,0.60,4,606.80,45.31,2,802.60,402.29,10,39.90,16.75,10
41465,10,5.00,10.02,16,2.00,0.63,16,0.70,0.46,4,655.30,73.85,2,665.20,66.16,10,43.40,19.25,10
42434,10,7.20,14.61,16,1.70,0.64,16,1.00,0.00,4,811.20,413.39,2,725.90,60.13,10,39.10,5.17,10
43394,10,6.60,13.14,16,2.20,0.40,16,1.20,0.40,4,662.00,96.42,2,713.20,42.55,10,36.00,4.84,10
44399,10,4.30,6.90,16,2.10,0.30,16,0.90,0.30,4,778.40,400.91,2,711.40,41.41,10,41.20,17.43,10
45309,10,4.80,7.08,16,2.20,0.40,16,0.90,0.30,4,648.60,81.26,2,809.20,463.78,10,39.60,14.61,10
46292,10,5.20,9.95,16,2.00,0.45,16,1.20,0.40,4,640.90,53.02,2,717.40,59.41,10,45.60,14.97,10
47195,10,6.10,9.65,16,2.50,0.67,16,1.20,0.40,4,747.70,88.75,2,803.50,396.41,10,36.70,3.95,10
48176,10,5.40,11.88,16,1.50,0.50,16,0.90,0.30,4,664.20,58.08,2,692.40,41.17,10,43.80,14.17,10
49149,10,4.40,7.55,16,1.80,0.60,16,0.80,0.60,4,605.10,88.89,2,883.40,416.44,10,29.40,5.64,10
50126,10,4.90,9.05,16,1.90,0.30,16,0.90,0.30,4,706.50,67.83,2,705.80,47.29,10,40.40,13.80,10
51123,10,5.50,10.85,16,2.00,0.00,16,1.00,0.00,4,851.20,512.30,2,703.30,71.82,10,36.80,14.10,10
52089,10,6.20,13.61,16,2.00,0.63,16,0.90,0.30,4,635.20,26.50,2,696.20,47.98,10,42.60,15.25,10
53072,10,4.60,8.14,16,1.80,0.40,16,1.00,0.00,4,815.90,409.83,2,721.50,27.85,10,41.90,17.51,10
54056,10,7.10,15.97,16,2.40,0.49,16,1.00,0.45,4,683.60,69.09,2,856.00,462.06,10,36.70,4.58,10
55057,10,5.20,10.61,16,2.40,0.92,16,0.90,0.54,4,689.00,79.93,2,747.50,43.88,10,42.00,9.27,10
56034,10,5.30,9.92,16,2.30,0.64,16,1.00,0.00,4,861.90,442.67,2,746.50,49.89,10,32.40,4.76,10
56963,10,5.20,11.94,16,1.70,0.46,16,0.50,0.50,4,687.50,70.47,2,682.70,22.98,10,40.50,9.63,10
57935,10,5.10,9.97,16,2.00,0.45,16,1.00,0.45,4,683.60,65.91,2,892.10,399.41,10,45.20,8.32,10
58882,10,4.60,8.48,16,1.90,0.30,16,1.10,0.30,4,674.80,75.77,2,754.10,44.37,10,41.90,16.66,10
59832,10,3.90,7.38,16,1.40,0.49,16,1.00,0.45,4,824.30,467.84,2,688.20,36.66,10,37.00,2.93,10
60813,10,7.10,15.97,16,1.80,0.40,16,0.70,0.46,4,651.60,57.55,2,730.60,45.12,10,46.80,13.59,10
61739,10,6.30,13.58,16,2.10,0.54,16,1.20,0.40,4,781.30,389.98,2,693.70,35.70,10,39.60,3.20,10
62668,10,4.50,8.51,16,1.90,0.30,16,1.10,0.30,4,681.40,64.98,2,950.30,434.33,10,42.50,14.33,10
63629,10,7.50,17.18,16,1.70,0.46,16,4.00,9.67,4,669.80,58.31,2,703.70,52.87,10,37.60,4.50,10
64623,10,6.70,13.45,16,2.50,0.67,16,1.30,0.46,4,750.60,77.67,2,879.80,375.62,10,37.70,3.29,10
65615,10,13.70,35.11,16,2.10,0.54,16,0.50,0.50,4,670.50,66.64,2,719.50,36.52,10,40.90,9.51,10
66507,10,4.70,8.78,16,1.70,0.46,16,1.00,0.45,4,639.50,80.96,2,878.70,457.20,10,39.80,5.58,10
67456,10,9.40,22.21,16,1.90,0.54,16,1.00,0.45,4,714.30,180.13,2,739.50,44.24,10,41.70,16.91,10
68403,10,8.20,20.27,16,1.70,0.46,16,0.80,0.40,4,807.80,406.12,2,747.80,34.77,10,43.00,16.19,10
69377,10,5.20,9.61,16,2.00,0.00,16,1.00,0.45,4,668.40,70.50,2,736.10,33.36,10,41.90,15.01,10
70370,10,7.50,17.51,16,1.70,0.46,16,1.50,1.20,4,844.80,370.02,2,794.20,90.47,10,46.60,12.95,10
71385,10,17.30,45.57,16,2.00,0.77,16,1.40,0.66,4,745.60,112.73,2,908.60,493.12,10,43.70,13.38,10
72357,10,4.50,8.18,16,1.40,0.66,16,0.60,0.49,4,657.00,72.76,2,688.00,39.70,10,36.10,4.21,10
73357,10,8.10,14.65,16,2.70,0.78,16,1.40,0.80,4,745.50,87.26,2,1004.50,455.40,10,70.70,17.44,10
74325,10,10.80,25.07,16,2.70,0.90,16,1.90,0.83,4,878.30,121.03,2,965.10,77.37,10,51.80,20.40,10
75321,10,6.80,14.41,16,8.30,19.24,16,1.00,0.45,4,882.60,463.05,2,727.10,51.55,10,44.90,15.25,10
76340,10,4.90,8.71,16,1.90,0.54,16,0.90,0.30,4,702.90,74.06,2,804.90,80.41,10,58.80,14.63,10
77305,10,6.60,12.81,16,2.70,0.46,16,1.60,0.66,4,960.20,448.87,2,820.80,80.74,10,42.40,14.65,10
78244,10,10.10,23.97,16,2.20,0.40,16,0.90,0.70,4,747.00,129.13,2,947.70,495.15,10,40.50,3.93,10
79216,10,5.70,12.11,16,1.70,0.46,16,1.00,0.45,4,697.60,57.02,2,721.90,40.31,10,39.70,3.00,10
80165,10,5.80,11.74,16,1.60,0.49,16,0.80,0.40,4,749.80,85.31,2,875.70,412.70,10,45.30,16.74,10
81140,10,5.80,12.08,16,2.00,0.00,16,1.00,0.63,4,719.40,135.62,2,918.00,404.08,10,39.20,9.96,10
82134,10,4.50,7.85,16,1.90,0.30,16,1.10,0.54,4,727.60,91.88,2,780.50,69.12,10,38.50,10.64,10
83079,10,4.90,10.72,16,1.20,0.40,16,0.60,0.49,4,737.10,53.47,2,1100.10,104.58,10,36.40,4.27,10
84075,10,5.10,9.65,16,1.80,0.40,16,0.90,0.54,4,1001.50,441.32,2,753.70,45.68,10,38.40,3.35,10
85066,10,5.30,10.91,16,1.60,0.80,16,0.70,0.46,4,763.30,124.21,2,1019.90,504.63,10,39.40,2.06,10
86023,10,8.40,19.87,16,2.10,0.30,16,1.00,0.00,4,860.20,103.28,2,913.10,149.99,10,48.60,24.69,10
87002,10,6.30,12.90,16,2.00,0.00,16,1.00,0.00,4,824.60,105.97,2,1168.00,463.80,10,44.20,14.40,10
87957,10,5.90,11.70,16,2.40,0.49,16,1.10,0.30,4,901.70,147.46,2,831.80,57.83,10,41.50,2.29,10
88934,10,5.00,9.00,16,2.70,0.64,16,1.10,0.30,4,921.40,492.72,2,865.40,30.98,10,45.40,2.54,10
89923,10,5.10,9.30,16,1.90,0.54,16,1.20,0.40,4,798.90,102.14,2,856.50,58.18,10,59.30,21.39,10
90910,10,10.50,16.16,16,2.50,0.67,16,1.30,0.46,4,956.80,367.52,2,894.90,33.99,10,46.90,17.90,10
91899,10,7.40,14.54,16,2.80,0.60,16,1.30,0.46,4,947.40,448.66,2,865.90,56.07,10,47.70,11.82,10
92872,10,8.70,22.10,16,1.30,0.46,16,0.70,0.46,4,841.30,68.49,2,797.90,33.51,10,43.90,14.22,10
93797,10,4.30,8.25,16,1.90,0.30,16,1.10,0.30,4,722.60,91.53,2,937.70,353.75,10,41.40,8.60,10
94788,10,4.70,9.45,16,1.60,0.49,16,1.10,0.30,4,767.00,75.70,2,1024.40,505.64,10,40.00,12.63,10
95771,10,5.70,13.77,16,1.20,0.40,16,0.60,0.49,4,726.10,88.91,2,885.60,79.28,10,45.50,3.58,10
96717,10,4.30,7.59,16,2.10,0.30,16,7.30,19.24,4,981.40,141.49,2,975.20,93.22,10,44.50,13.89,10
97686,10,8.40,17.54,16,2.50,0.50,16,1.40,0.49,4,964.40,458.52,2,877.10,82.14,10,48.40,17.17,10
98656,10,5.10,8.98,16,2.10,0.30,16,1.50,0.92,4,910.10,431.62,2,799.30,53.72,10,34.50,4.52,10
99582,10,5.10,8.36,16,2.70,0.78,16,1.10,0.30,4,674.30,218.43,2,846.60,84.28,10,47.90,31.71,10
100606,10,25.50,54.02,16,1.70,0.46,16,0.80,0.40,4,852.70,410.28,2,798.90,34.90,10,37.40,3.50,10
101602,10,26.20,73.60,16,1.70,0.46,16,0.80,0.40,4,731.40,96.95,2,1050.10,451.70,10,50.00,14.46,10
102576,10,6.80,13.08,16,2.60,0.66,16,1.10,0.30,4,879.80,79.82,2,869.40,67.70,10,46.90,16.10,10
103517,10,3.70,7.11,16,1.70,0.46,16,0.60,0.49,4,743.30,77.23,2,947.00,396.59,10,37.30,4.38,10
104521,10,12.70,33.44,16,1.60,0.49,16,0.70,0.46,4,721.00,51.46,2,935.00,385.99,10,41.50,16.56,10
105501,10,3.90,6.71,16,1.60,0.49,16,1.00,0.45,4,700.20,38.20,2,935.80,428.70,10,31.50,7.05,10
106548,10,9.00,21.67,16,1.20,0.40,16,0.60,0.49,4,669.50,65.97,2,890.40,96.79,10,46.40,4.76,10
107472,10,5.80,11.41,16,2.00,0.45,16,1.20,0.40,4,782.30,113.12,2,874.80,336.01,10,40.40,14.26,10
108441,10,9.20,21.27,16,2.30,0.46,16,1.00,0.00,4,738.50,53.18,2,1015.20,421.91,10,54.30,22.11,10
109398,10,9.50,23.50,16,1.70,0.46,16,1.00,0.45,4,769.40,80.16,2,920.80,97.18,10,49.40,17.60,10
110390,10,5.40,10.87,16,1.60,0.49,16,0.80,0.40,4,786.60,62.56,2,896.30,131.43,10,45.60,0.80,10
111348,10,4.90,10.38,16,2.50,0.67,16,1.10,0.30,4,830.40,336.81,2,857.80,47.03,10,50.60,16.48,10
112314,10,4.80,8.40,16,1.50,0.50,16,1.00,0.00,4,872.30,451.21,2,815.40,47.88,10,41.00,4.15,10
113311,10,5.40,10.87,16,1.80,0.40,16,0.70,0.46,4,714.60,71.53,2,850.90,94.67,10,50.10,13.92,10
114258,10,4.50,8.51,16,1.70,0.46,16,0.90,0.54,4,961.70,350.93,2,744.50,30.11,10,38.80,2.48,10
115230,10,6.00,11.03,16,2.20,0.60,16,0.70,0.46,4,728.30,48.82,2,878.40,439.35,10,43.30,14.79,10
116233,10,4.90,9.04,16,2.00,0.00,16,0.80,0.40,4,714.60,47.47,2,869.70,427.27,10,39.20,2.04,10
117218,10,7.90,11.99,16,3.20,0.75,16,2.00,0.63,4,750.10,204.98,2,838.00,56.25,10,47.00,27.91,10
118182,10,6.20,13.94,16,1.50,0.50,16,0.60,0.49,4,738.50,103.06,2,1058.40,416.12,10,35.00,14.99,10
119217,10,4.50,8.18,16,1.80,0.40,16,1.00,0.45,4,760.10,131.51,2,983.90,427.46,10,50.40,16.72,10
120190,10,4.60,8.81,16,1.70,0.46,16,0.80,0.40,4,796.40,104.00,2,867.20,38.51,10,44.80,19.23,10
121172,10,6.00,13.01,16,1.70,0.46,16,0.80,0.60,4,857.90,107.87,2,850.50,51.17,10,49.00,22.43,10
122128,10,6.10,13.32,16,1.70,0.64,16,0.90,0.30,4,800.50,332.12,2,787.90,35.72,10,37.00,4.94,10
123095,10,3.80,7.08,16,1.20,0.40,16,0.60,0.49,4,807.40,435.69,2,778.60,34.97,10,37.50,4.10,10
124058,10,6.00,13.02,16,2.10,0.30,16,1.00,0.00,4,668.20,30.40,2,734.00,41.62,10,41.80,6.79,10
125007,10,8.50,19.17,16,2.50,0.67,16,1.30,0.46,4,881.40,438.32,2,758.50,67.31,10,41.10,13.59,10
125976,10,5.20,8.28,16,2.70,0.46,16,1.20,0.40,4,825.80,328.09,2,767.20,50.78,10,38.80,12.84,10
126944,10,6.30,13.57,16,1.80,0.40,16,0.90,0.30,4,701.70,40.37,2,864.80,457.74,10,37.10,13.40,10
127918,10,4.30,7.91,16,1.70,0.46,16,0.80,0.60,4,688.20,29.30,2,779.10,28.15,10,50.60,16.15,10
128902,10,5.20,10.27,16,1.90,0.54,16,0.80,0.40,4,719.50,41.30,2,880.00,345.76,10,31.30,4.80,10
129839,10,3.80,6.08,16,1.40,0.49,16,0.40,0.49,4,696.30,35.97,2,936.60,401.12,10,37.80,4.71,10
130832,10,6.90,16.37,16,1.50,0.50,16,1.00,0.00,4,761.10,72.68,2,762.20,25.21,10,36.30,3.26,10
131801,10,4.70,9.45,16,1.70,0.46,16,1.40,0.49,4,659.30,48.92,2,744.10,36.25,10,45.70,17.10,10
132746,10,6.70,14.12,16,2.40,0.92,16,1.20,0.40,4,929.30,415.14,2,784.70,48.99,10,36.60,4.05,10
133741,10,5.20,9.94,16,2.20,0.40,16,0.90,0.30,4,830.30,371.51,2,788.10,29.28,10,41.90,17.66,10
134733,10,4.90,7.73,16,2.50,0.67,16,1.20,0.40,4,853.30,397.27,2,767.70,20.94,10,43.10,12.46,10
135741,10,6.80,14.41,16,1.70,0.46,16,0.60,0.49,4,700.30,29.96,2,830.50,54.71,10,40.90,3.88,10
136713,10,4.70,9.78,16,1.10,0.30,16,0.60,0.49,4,763.60,64.68,2,903.50,312.38,10,30.70,3.03,10
137719,10,4.70,9.11,16,2.00,0.00,16,1.00,0.45,4,700.70,36.37,2,917.90,426.24,10,35.60,5.10,10
138720,10,4.70,8.44,16,2.00,0.00,16,0.80,0.60,4,740.50,39.98,2,903.80,415.54,10,36.40,3.26,10
139698,10,5.30,10.25,16,1.50,0.50,16,0.80,0.40,4,713.20,21.14,2,832.20,51.37,10,38.20,3.49,10
140721,10,6.10,12.31,16,1.70,0.64,16,7.00,18.34,4,755.60,52.34,2,892.90,320.84,10,34.20,4.45,10
141697,10,7.30,15.58,16,1.40,0.49,16,0.80,0.40,4,704.50,41.40,2,926.40,436.11,10,37.40,5.33,10
142665,10,4.20,7.95,16,1.60,0.66,16,0.80,0.40,4,720.40,27.88,2,758.40,28.30,10,42.30,19.68,10
143631,10,11.60,28.80,16,2.90,1.14,16,1.70,0.46,4,783.00,88.70,2,785.70,44.18,10,41.10,20.20,10
144645,10,6.30,13.91,16,1.80,0.40,16,0.90,0.30,4,871.60,371.66,2,776.90,31.48,10,43.50,16.09,10
145597,10,4.30,7.59,16,1.90,0.30,16,0.90,0.30,4,880.70,405.71,2,810.90,37.11,10,44.70,17.06,10
146596,10,4.80,8.74,16,2.10,0.30,16,1.00,0.00,4,887.30,425.95,2,813.50,57.71,10,43.40,13.92,10
147591,10,5.10,10.64,16,1.80,0.40,16,1.00,0.45,4,801.20,67.73,2,806.80,46.93,10,47.10,19.91,10
148527,10,4.80,8.41,16,2.00,0.00,16,0.90,0.30,4,796.30,40.33,2,957.60,251.64,10,45.90,10.46,10
149466,10,6.50,14.84,16,5.90,12.37,16,1.00,0.00,4,757.30,38.91,2,962.20,460.80,10,43.20,17.16,10
150403,10,4.80,8.41,16,2.00,0.00,16,1.10,0.30,4,773.80,66.48,2,992.50,397.74,10,41.40,12.42,10
151365,10,4.50,9.18,16,1.50,0.50,16,0.70,0.46,4,747.50,41.74,2,809.10,52.25,10,40.00,2.41,10
152312,10,6.10,11.32,16,2.50,0.67,16,3.70,7.11,4,797.50,76.66,2,914.60,61.33,10,45.40,13.23,10
153302,10,6.10,13.31,16,1.60,0.49,16,0.70,0.46,4,824.20,295.46,2,850.10,60.09,10,39.30,3.90,10
154268,10,7.00,15.67,16,2.30,0.78,16,1.20,0.40,4,924.20,445.08,2,858.50,60.53,10,42.90,9.59,10
155217,10,4.90,9.04,16,1.90,0.54,16,0.60,0.49,4,743.30,47.70,2,876.60,60.94,10,40.50,3.53,10
156157,10,4.70,8.44,16,1.70,0.46,16,0.90,0.30,4,768.00,53.60,2,963.30,388.92,10,38.40,3.53,10
157105,10,5.60,11.47,16,1.80,0.40,16,1.00,0.00,4,753.00,77.81,2,924.20,318.77,10,40.70,4.92,10
158098,10,5.20,9.94,16,1.60,0.49,16,0.70,0.46,4,991.00,392.32,2,836.20,53.97,10,46.50,16.89,10
159092,10,4.50,9.18,16,1.40,0.49,16,0.90,0.30,4,725.80,45.28,2,822.30,46.17,10,46.70,18.79,10
160070,10,4.80,8.74,16,1.90,0.54,16,0.70,0.46,4,757.00,47.53,2,864.90,54.89,10,161.60,366.82,10
161040,10,8.50,18.84,16,2.30,0.46,16,1.50,0.50,4,800.80,71.99,2,1019.80,409.99,10,37.00,5.31,10
162003,10,7.50,17.17,16,2.00,0.45,16,1.00,0.45,4,759.60,50.71,2,966.10,347.59,10,42.40,16.08,10
162953,10,5.00,10.68,16,2.00,0.45,16,1.00,0.45,4,752.20,52.83,2,843.10,27.82,10,40.10,3.86,10
163907,10,5.20,10.61,16,1.80,0.40,16,0.90,0.30,4,751.90,22.94,2,884.10,53.67,10,51.50,24.51,10
164818,10,5.10,9.64,16,1.80,0.40,16,0.70,0.46,4,967.30,291.42,2,869.40,38.92,10,41.70,4.58,10
165801,10,4.50,8.18,16,1.90,0.30,16,0.90,0.30,4,928.50,423.75,2,853.70,63.05,10,48.60,15.50,10
166782,10,4.70,9.12,16,1.60,0.66,16,1.00,0.00,4,913.40,407.45,2,816.90,39.62,10,40.10,3.91,10
167789,10,5.10,8.65,16,1.90,0.54,16,1.00,0.00,4,764.10,51.69,2,863.30,50.19,10,47.80,16.23,10
168734,10,6.90,15.04,16,1.90,0.30,16,0.80,0.40,4,843.50,74.59,2,969.50,327.18,10,42.50,3.26,10
169705,10,4.80,8.41,16,1.80,0.40,16,1.00,0.00,4,915.30,412.89,2,851.50,48.91,10,35.30,4.47,10
170669,10,5.70,7.50,16,2.20,0.40,16,1.20,0.40,4,929.30,383.78,2,855.00,31.30,10,44.60,15.34,10
171593,10,4.80,8.75,16,1.80,0.40,16,0.80,0.40,4,785.90,52.70,2,873.60,38.72,10,46.40,19.14,10
172537,10,5.10,9.30,16,1.70,0.46,16,0.90,0.54,4,798.40,43.99,2,967.80,273.25,10,47.60,11.49,10
173501,10,4.60,7.81,16,1.60,0.49,16,0.80,0.40,4,748.00,42.63,2,989.20,435.02,10,41.80,16.98,10
174488,10,6.70,15.77,16,1.40,0.49,16,0.90,0.30,4,804.30,72.58,2,1015.10,372.50,10,51.30,17.03,10
175463,10,4.70,8.45,16,1.90,0.70,16,1.20,0.60,4,793.00,65.96,2,865.80,39.22,10,41.70,3.58,10
176404,10,4.50,7.50,16,2.10,0.30,16,1.10,0.30,4,808.70,67.75,2,1002.60,253.38,10,42.30,10.83,10
177345,10,4.60,9.48,16,2.20,0.40,16,1.00,0.00,4,771.10,46.84,2,1005.40,474.22,10,36.70,4.86,10
178276,10,5.00,9.00,16,2.10,0.30,16,1.20,0.40,4,817.50,64.11,2,995.90,403.80,10,44.40,12.64,10
179186,10,4.90,8.04,16,2.50,0.67,16,1.70,0.64,4,743.90,38.29,2,847.10,28.09,10,44.90,16.73,10
180183,10,4.50,8.18,16,2.10,0.30,16,1.00,0.45,4,791.60,38.15,2,900.10,48.61,10,41.30,2.37,10
181176,10,4.50,7.50,16,2.00,0.00,16,0.90,0.30,4,907.70,272.85,2,928.90,51.22,10,52.70,19.13,10
182146,10,4.70,8.10,16,1.90,0.30,16,1.10,0.30,4,980.30,499.76,2,1005.70,408.34,10,41.40,8.30,10
183145,10,5.10,9.64,16,8.20,18.94,16,1.00,0.00,4,802.20,46.05,2,869.50,32.81,10,41.50,16.93,10
184111,10,4.80,8.08,16,2.20,0.60,16,1.10,0.30,4,799.60,58.15,2,876.50,23.07,10,37.00,3.55,10
185103,10,5.20,9.61,16,2.00,0.00,16,1.10,0.30,4,1002.70,309.24,2,889.30,58.85,10,39.50,12.40,10
186051,10,4.30,8.25,16,1.80,0.40,16,0.80,0.60,4,948.80,438.39,2,875.20,62.32,10,41.60,16.11,10
186983,10,4.50,7.84,16,2.00,0.00,16,1.10,0.30,4,922.20,378.97,2,857.30,28.90,10,35.10,4.28,10
187950,10,5.20,8.32,16,2.60,0.80,16,1.70,0.64,4,784.20,41.88,2,874.70,61.26,10,47.80,18.29,10
188920,10,6.20,13.27,16,1.80,0.60,16,1.00,0.45,4,825.70,108.24,2,1043.80,334.32,10,40.60,11.28,10
189903,10,4.50,9.18,16,1.30,0.46,16,0.80,0.40,4,788.30,49.70,2,1026.40,422.96,10,40.90,4.70,10
190922,10,4.70,8.10,16,1.70,0.46,16,1.00,0.00,4,930.60,384.91,2,907.40,59.06,10,38.00,4.00,10
191839,10,4.70,8.11,16,2.20,0.60,16,1.10,0.54,4,817.30,81.93,2,891.90,41.45,10,37.00,3.13,10
192836,10,5.20,10.62,16,1.40,0.49,16,0.70,0.46,4,788.10,46.48,2,890.70,66.46,10,50.60,29.62,10
193810,10,7.50,11.68,16,2.00,0.45,16,1.00,0.45,4,798.60,60.44,2,997.90,405.47,10,49.70,17.45,10
194759,10,4.80,8.74,16,2.00,0.00,16,1.00,0.45,4,809.90,49.88,2,1080.10,375.61,10,44.30,0.64,10
195714,10,5.20,9.27,16,2.20,0.40,16,1.20,0.40,4,831.00,68.54,2,890.20,50.21,10,37.70,4.29,10
196673,10,5.30,8.92,16,2.60,1.02,16,1.10,0.30,4,821.30,51.69,2,894.00,53.65,10,39.70,4.67,10
197627,10,5.30,10.24,16,1.40,0.49,16,0.90,0.30,4,922.10,409.83,2,900.90,62.51,10,44.00,13.53,10
198614,10,5.20,10.61,16,1.90,0.30,16,0.90,0.30,4,980.90,381.33,2,1024.80,403.41,10,48.60,16.16,10
199602,10,4.60,8.81,16,1.70,0.46,16,1.00,0.00,4,820.30,51.62,2,998.30,415.03,10,44.90,13.82,10
200602,10,4.50,7.86,16,1.80,0.40,16,0.80,0.40,4,809.10,44.61,2,889.90,51.46,10,38.10,4.06,10
201536,10,4.80,8.41,16,1.90,0.54,16,1.00,0.00,4,832.20,65.49,2,1039.50,104.87,10,42.20,10.94,10
202509,10,5.00,9.00,16,2.10,0.30,16,1.00,0.00,4,911.20,250.53,2,1054.00,546.62,10,42.90,10.33,10
203449,10,4.70,8.10,16,2.10,0.30,16,1.30,0.46,4,806.80,49.70,2,1008.80,405.86,10,41.40,15.60,10
204395,10,4.90,9.04,16,2.10,0.30,16,1.20,0.40,4,791.00,27.66,2,871.70,20.55,10,43.10,18.65,10
205352,10,6.40,12.89,16,2.20,0.40,16,2.30,2.61,4,885.00,74.08,2,887.00,63.31,10,47.00,27.65,10
206304,10,4.70,8.78,16,9.90,23.39,16,0.90,0.30,4,945.70,235.78,2,906.20,34.87,10,39.30,4.10,10
207294,10,5.00,10.68,16,2.00,0.00,16,0.80,0.40,4,978.20,442.15,2,881.30,38.09,10,42.20,18.48,10
208281,10,4.90,9.71,16,1.90,0.30,16,1.00,0.00,4,946.90,433.88,2,929.60,45.19,10,37.20,3.57,10
209237,10,4.30,7.59,16,1.70,0.64,16,0.70,0.46,4,808.30,52.68,2,864.50,28.76,10,43.60,16.34,10
210169,10,4.40,8.56,16,1.70,0.46,16,1.00,0.00,4,821.30,41.00,2,1052.70,355.18,10,41.20,9.42,10
211124,10,5.00,9.00,16,1.50,0.50,16,1.10,0.30,4,812.70,28.71,2,1089.60,425.49,10,51.90,18.91,10
212105,10,4.90,9.04,16,2.00,0.00,16,1.20,0.40,4,950.70,402.41,2,892.70,56.60,10,40.20,3.68,10
213049,10,10.90,27.03,16,2.10,0.30,16,1.10,0.54,4,783.00,56.73,2,897.80,33.91,10,43.70,16.45,10
214038,10,5.60,8.15,16,3.20,1.83,16,1.10,0.30,4,807.40,58.24,2,911.50,63.88,10,179.90,428.39,10
215011,10,6.30,13.24,16,1.70,0.46,16,0.70,0.46,4,889.70,61.13,2,1043.80,402.52,10,48.00,17.19,10
215958,10,4.50,7.50,16,1.90,0.30,16,0.90,0.30,4,815.00,47.52,2,1078.50,459.82,10,44.40,15.99,10
216923,10,11.30,20.16,16,1.90,0.54,16,0.90,0.30,4,816.20,44.01,2,898.20,38.22,10,42.00,4.56,10
217875,10,4.50,8.18,16,1.90,0.30,16,0.90,0.30,4,819.90,38.15,2,957.30,53.79,10,39.00,4.47,10
218807,10,5.00,9.34,16,1.80,0.40,16,1.00,0.45,4,988.30,445.94,2,904.30,53.58,10,165.20,375.28,10
219772,10,4.40,7.55,16,2.00,0.45,16,0.80,0.40,4,808.60,63.80,2,1054.40,406.84,10,49.80,17.42,10
220770,10,4.20,7.95,16,1.50,0.50,16,0.80,0.40,4,846.40,47.85,2,1076.90,423.33,10,46.70,12.12,10
221725,10,5.80,11.40,16,2.00,0.63,16,1.10,0.30,4,843.00,53.89,2,893.30,37.61,10,40.70,2.87,10
222684,10,5.50,8.20,16,2.90,1.04,16,1.70,1.19,4,833.60,34.40,2,954.00,61.15,10,44.80,11.25,10
223595,10,4.80,10.08,16,1.80,0.40,16,0.90,0.30,4,883.00,274.03,2,1053.70,478.31,10,37.70,3.85,10
224574,10,8.90,21.04,16,2.00,0.00,16,0.80,0.40,4,882.10,56.63,2,1025.10,392.57,10,41.30,17.52,10
225544,10,5.00,10.01,16,1.90,0.30,16,0.90,0.30,4,885.30,53.51,2,916.70,36.82,10,46.70,19.57,10
226471,10,4.40,8.88,16,1.90,0.83,16,0.80,0.40,4,852.50,57.32,2,925.80,40.94,10,45.50,18.56,10
227459,10,4.50,7.85,16,2.00,0.45,16,0.80,0.40,4,1014.80,345.67,2,994.60,55.55,10,40.10,5.50,10
228401,10,5.30,9.90,16,2.10,0.30,16,1.20,0.40,4,987.20,417.57,2,1071.40,402.53,10,41.50,12.16,10
229378,10,5.00,9.00,16,2.00,0.00,16,1.10,0.30,4,842.10,56.97,2,927.20,59.09,10,44.10,17.24,10
230365,10,4.70,8.10,16,1.90,0.30,16,1.20,0.40,4,869.90,59.15,2,961.30,44.64,10,46.00,2.83,10
231335,10,5.40,8.24,16,2.30,0.46,16,1.50,0.67,4,989.10,516.36,2,971.20,80.81,10,36.70,3.35,10
232354,10,5.70,11.10,16,2.00,0.00,16,0.80,0.40,4,935.10,306.25,2,918.00,57.97,10,46.20,16.74,10
233298,10,6.40,13.54,16,2.00,0.00,16,0.90,0.30,4,993.20,437.44,2,1037.30,401.26,10,47.10,19.51,10
234308,10,4.80,8.41,16,2.00,0.45,16,1.00,0.00,4,904.40,78.48,2,926.40,26.61,10,38.70,4.31,10
235296,10,4.20,7.95,16,1.40,0.49,16,0.90,0.30,4,849.20,39.71,2,934.90,49.37,10,44.60,16.72,10
236246,10,4.80,9.74,16,1.70,0.46,16,1.00,0.00,4,1007.40,281.64,2,941.30,59.24,10,35.90,4.89,10
237238,10,5.30,10.57,16,2.00,0.00,16,1.10,0.30,4,1005.50,421.28,2,928.80,70.25,10,177.10,414.66,10
238199,10,6.20,12.60,16,6.70,14.44,16,1.00,0.00,4,813.20,64.41,2,1053.20,429.08,10,43.70,1.00,10
239129,10,5.30,9.92,16,1.70,0.46,16,1.10,0.30,4,821.60,32.32,2,911.70,31.46,10,46.70,19.01,10
240091,10,5.60,7.93,16,3.10,0.94,16,1.20,0.40,4,854.70,56.75,2,998.40,104.48,10,55.30,33.75,10
241065,10,5.80,11.41,16,1.60,0.49,16,0.70,0.46,4,948.10,235.28,2,929.80,69.78,10,39.10,4.85,10
242020,10,4.70,8.44,16,2.00,0.00,16,1.00,0.00,4,1008.50,454.01,2,1046.30,408.67,10,43.80,18.74,10
243012,10,7.40,16.87,16,1.90,0.30,16,1.00,0.45,4,835.90,55.50,2,915.50,41.83,10,45.70,18.00,10
243929,10,6.50,14.18,16,2.00,0.45,16,1.00,0.00,4,917.40,94.83,2,955.80,47.19,10,43.50,15.79,10
244908,10,3.70,6.78,16,1.20,0.40,16,0.90,0.30,4,863.20,54.47,2,1079.60,337.02,10,42.50,12.80,10
245871,10,6.60,14.14,16,2.00,0.00,16,1.00,0.00,4,995.70,427.65,2,952.40,58.60,10,45.60,14.49,10
246843,10,4.70,7.79,16,2.10,0.30,16,1.10,0.30,4,1032.80,357.84,2,1058.70,411.42,10,41.70,16.07,10
247792,10,4.70,8.79,16,1.50,0.50,16,0.90,0.30,4,849.00,51.49,2,966.40,28.48,10,40.70,3.95,10
248774,10,11.70,28.77,16,2.70,0.78,16,1.20,0.40,4,852.80,39.16,2,946.20,33.11,10,52.00,20.36,10
249774,10,5.60,11.14,16,1.80,0.40,16,0.80,0.40,4,998.30,244.38,2,991.50,59.94,10,36.90,4.81,10
250785,10,4.90,9.04,16,1.90,0.30,16,1.00,0.45,4,991.90,461.63,2,924.30,34.21,10,36.90,4.70,10
251738,10,6.40,13.21,16,2.00,0.00,16,0.90,0.30,4,971.00,422.75,2,915.50,45.04,10,44.20,11.40,10
252726,10,4.90,9.71,16,1.90,0.54,16,1.00,0.00,4,848.60,42.91,2,946.10,56.56,10,41.70,6.08,10
253751,10,6.40,10.87,16,2.30,0.46,16,1.00,0.45,4,989.50,442.68,2,982.60,101.26,10,50.80,30.82,10
254727,10,4.40,8.55,16,1.90,0.30,16,1.10,0.30,4,1019.10,347.19,2,969.60,71.07,10,45.60,13.65,10
255698,10,5.20,10.27,16,1.80,0.60,16,1.10,0.30,4,991.50,443.44,2,1084.80,418.99,10,46.30,22.93,10
256648,10,5.20,7.41,16,2.00,0.00,16,1.40,0.49,4,884.10,83.79,2,937.70,42.43,10,43.50,16.03,10
257648,10,6.30,9.34,16,2.70,0.90,16,1.30,0.46,4,842.70,52.24,2,916.20,22.51,10,37.30,5.12,10
258642,10,5.90,12.37,16,2.20,0.40,16,0.90,0.30,4,852.70,37.12,2,1103.00,343.35,10,38.10,10.32,10
259654,10,5.20,9.94,16,1.90,0.30,16,1.00,0.45,4,1036.30,408.77,2,952.40,43.06,10,45.80,15.44,10
260602,10,6.50,13.84,16,2.00,0.45,16,7.00,18.00,4,982.20,396.57,2,1072.10,459.18,10,44.00,21.82,10
261514,10,4.40,7.88,16,1.50,0.50,16,0.90,0.30,4,858.30,76.53,2,942.70,48.95,10,42.30,3.20,10
262430,10,4.20,7.61,16,1.50,0.50,16,0.70,0.46,4,858.50,59.36,2,953.90,60.49,10,39.80,15.33,10
263405,10,4.50,8.51,16,1.70,0.46,16,1.00,0.45,4,858.30,92.19,2,1039.50,260.31,10,43.90,14.68,10
264409,10,6.00,11.68,16,1.50,0.50,16,0.80,0.40,4,997.90,445.17,2,944.40,53.42,10,40.20,4.64,10
265340,10,5.30,9.57,16,1.70,0.46,16,1.10,0.30,4,1016.00,396.09,2,1156.50,487.51,10,43.90,20.12,10
266305,10,5.30,9.30,16,2.40,0.66,16,1.40,0.49,4,853.30,50.95,2,940.90,38.97,10,39.90,2.88,10
267261,10,4.80,9.74,16,1.70,0.64,16,0.90,0.30,4,854.80,37.00,2,913.10,36.57,10,35.50,3.88,10
268208,10,4.60,8.48,16,1.50,0.50,16,0.70,0.46,4,1003.50,264.77,2,951.10,32.50,10,29.10,5.75,10
269133,10,4.30,7.58,16,2.10,0.30,16,1.00,0.00,4,1055.90,486.44,2,1074.70,366.51,10,44.90,20.33,10
270108,10,4.80,7.74,16,2.00,0.00,16,1.00,0.00,4,928.00,67.22,2,1103.70,418.13,10,51.30,19.58,10
271086,10,4.30,7.93,16,1.50,0.50,16,0.80,0.40,4,888.00,54.33,2,975.30,37.82,10,40.90,4.99,10
272075,10,5.20,8.29,16,2.40,0.49,16,1.10,0.30,4,950.50,65.15,2,1028.60,81.67,10,47.30,22.77,10
272994,10,4.70,8.10,16,2.10,0.30,16,1.20,0.40,4,977.10,273.43,2,1134.30,489.75,10,41.60,4.39,10
273883,10,5.10,9.64,16,2.10,0.30,16,1.20,0.40,4,869.20,61.78,2,1106.70,403.31,10,47.20,18.76,10
274858,10,5.00,8.02,16,2.20,0.75,16,1.40,0.66,4,1062.30,394.74,2,937.40,35.29,10,47.10,15.50,10
275806,10,6.50,13.84,16,1.70,0.64,16,0.80,0.40,4,867.80,57.97,2,949.80,48.75,10,38.10,4.68,10
276743,10,5.10,9.64,16,2.10,0.54,16,0.90,0.30,4,876.40,61.08,2,1086.20,273.58,10,42.80,11.79,10
277704,10,4.30,8.25,16,1.40,0.49,16,0.70,0.46,4,882.70,58.93,2,1186.10,532.05,10,42.80,13.62,10
278664,10,4.40,8.21,16,7.60,17.81,16,1.00,0.00,4,1014.20,370.52,2,1097.00,404.69,10,38.30,4.98,10
279625,10,4.70,8.11,16,1.70,0.46,16,1.00,0.00,4,863.30,53.24,2,949.60,32.29,10,43.90,19.28,10
280616,10,4.40,8.56,16,1.60,0.49,16,1.10,0.30,4,847.70,33.03,2,1004.90,73.45,10,39.90,3.70,10
281598,10,6.20,13.95,16,1.70,0.64,16,0.80,0.40,4,933.50,77.65,2,1049.50,274.93,10,39.70,5.35,10
282532,10,4.40,7.89,16,2.00,0.00,16,1.10,0.30,4,1022.10,446.48,2,1009.80,71.77,10,45.80,0.60,10
283453,10,5.80,9.75,16,2.40,0.49,16,1.30,0.46,4,1048.50,398.51,2,1140.60,368.31,10,47.50,21.28,10
284402,10,5.00,9.02,16,1.70,0.46,16,0.80,0.40,4,856.70,44.92,2,965.60,40.20,10,39.90,3.59,10
285404,10,6.20,13.27,16,1.90,0.54,16,0.70,0.46,4,870.70,51.65,2,963.60,40.45,10,38.20,4.45,10
286390,10,4.70,9.78,16,1.40,0.49,16,0.70,0.46,4,1027.50,276.74,2,963.80,42.68,10,50.10,15.06,10
287322,10,4.60,7.83,16,1.50,0.50,16,1.00,0.63,4,1126.70,464.20,2,1102.40,396.10,10,45.50,17.78,10
288332,10,10.00,24.00,16,1.90,0.30,16,1.10,0.30,4,1029.50,354.17,2,974.80,64.10,10,41.90,13.14,10
289324,10,6.90,16.04,16,2.20,0.40,16,1.00,0.45,4,865.90,29.73,2,968.00,35.84,10,44.60,18.82,10
290320,10,4.70,8.44,16,1.50,0.50,16,0.90,0.30,4,937.70,58.84,2,962.30,23.13,10,42.00,2.93,10
291256,10,4.80,8.40,16,1.70,0.46,16,0.80,0.40,4,1017.90,309.16,2,1133.10,477.45,10,39.20,3.84,10
292305,10,6.60,11.84,16,2.20,0.40,16,1.30,0.46,4,875.20,51.99,2,1102.10,382.63,10,50.60,24.70,10
293309,10,5.10,8.64,16,2.10,0.30,16,0.80,0.60,4,1078.60,435.77,2,949.40,31.25,10,36.90,4.44,10
294310,10,4.70,8.44,16,1.60,0.49,16,0.70,0.46,4,873.10,37.24,2,978.50,41.88,10,48.20,18.45,10
295309,10,4.60,9.15,16,2.00,0.63,16,0.80,0.40,4,861.80,42.33,2,969.90,52.46,10,52.60,29.30,10
296288,10,4.80,9.41,16,1.70,0.46,16,0.90,0.30,4,1020.80,391.63,2,1151.70,443.03,10,39.20,4.64,10
297247,10,4.80,9.08,16,1.70,0.46,16,1.10,0.30,4,993.80,376.92,2,976.40,37.54,10,40.40,3.75,10
298211,10,4.70,9.45,16,1.70,0.46,16,1.10,0.30,4,868.00,55.58,2,950.10,37.53,10,36.40,3.75,10
299147,10,12.70,32.10,16,1.80,0.60,16,0.80,0.40,4,872.30,25.79,2,1007.10,67.50,10,44.40,16.75,10
300136,10,4.50,7.85,16,1.70,0.46,16,1.10,0.30,4,863.50,24.76,2,1092.00,343.56,10,37.10,4.89,10
301114,10,5.60,9.84,16,2.40,0.66,16,1.30,0.46,4,1006.60,370.20,2,957.00,48.83,10,44.30,14.74,10
302122,10,5.40,9.87,16,1.80,0.40,16,0.80,0.40,4,1011.90,386.07,2,1172.90,461.60,10,37.60,4.05,10
303076,10,4.40,8.55,16,1.40,0.49,16,0.70,0.46,4,866.00,63.25,2,1088.20,399.82,10,39.80,3.99,10
304023,10,6.00,13.01,16,1.70,0.46,16,1.10,0.30,4,856.80,19.38,2,962.70,25.51,10,44.90,16.48,10
305030,10,4.90,10.04,16,1.80,0.60,16,1.00,0.45,4,888.50,46.58,2,1036.40,76.77,10,51.30,15.46,10
305952,10,4.60,9.48,16,2.30,0.64,16,1.20,0.40,4,1015.40,353.67,2,1134.50,470.00,10,38.10,4.46,10
306903,10,4.90,8.70,16,2.00,0.00,16,1.10,0.30,4,1002.30,404.08,2,980.80,46.00,10,43.20,17.89,10
307896,10,4.90,8.70,16,1.80,0.40,16,1.10,0.30,4,993.50,344.09,2,971.10,46.11,10,45.70,17.04,10
308901,10,6.50,14.18,16,1.50,0.50,16,0.90,0.54,4,960.40,60.88,2,988.40,56.41,10,43.00,2.83,10
309896,10,7.30,13.40,16,2.40,0.49,16,1.60,0.49,4,893.90,36.39,2,1156.10,328.56,10,38.80,6.19,10
310865,10,9.00,21.67,16,1.40,0.49,16,0.80,0.40,4,1005.70,425.38,2,1012.20,81.09,10,53.20,20.94,10
311826,10,4.70,8.44,16,2.10,0.30,16,1.10,0.30,4,1123.20,443.16,2,1150.60,457.43,10,45.00,18.20,10
312835,10,7.90,18.04,16,1.90,0.30,16,0.90,0.30,4,930.00,67.54,2,1018.30,28.45,10,51.80,18.42,10
313798,10,6.20,12.94,16,1.70,0.46,16,1.00,0.00,4,952.00,148.04,2,1012.10,40.70,10,45.10,21.80,10
314727,10,4.50,7.51,16,1.70,0.46,16,0.80,0.60,4,1128.70,391.54,2,1057.00,60.25,10,43.40,11.81,10
315693,10,10.40,17.30,16,1.70,0.46,16,1.10,0.30,4,993.20,317.48,2,1123.20,431.55,10,36.80,4.87,10
316644,10,4.70,8.11,16,1.70,0.46,16,0.80,0.40,4,1044.90,427.97,2,1113.20,375.19,10,39.20,3.92,10
317607,10,6.20,12.94,16,1.90,0.30,16,1.10,0.30,4,953.30,96.29,2,970.60,29.77,10,38.10,4.70,10
318558,10,5.10,8.97,16,2.50,0.67,16,1.20,0.40,4,925.60,36.97,2,1000.80,32.48,10,38.70,4.96,10
319558,10,5.00,9.67,16,1.70,0.64,16,0.80,0.40,4,940.70,73.41,2,1071.60,283.97,10,41.00,12.42,10
320510,10,4.50,7.51,16,2.10,0.54,16,1.00,0.00,4,1127.60,545.35,2,1107.70,357.36,10,38.30,4.84,10
321499,10,4.40,7.88,16,1.70,0.46,16,0.70,0.46,4,1016.50,396.29,2,989.90,53.57,10,41.30,3.95,10
322444,10,6.10,13.97,16,1.70,0.64,16,0.70,0.46,4,899.90,55.39,2,963.20,45.60,10,36.60,3.58,10
323412,10,5.50,10.85,16,1.90,0.54,16,0.90,0.54,4,947.40,71.78,2,984.70,35.82,10,46.20,20.48,10
324368,10,4.50,8.51,16,6.40,14.54,16,0.80,0.40,4,1060.50,345.50,2,1123.40,422.65,10,46.90,23.33,10
325353,10,4.50,7.50,16,2.00,0.00,16,1.20,0.40,4,892.20,40.23,2,1144.30,420.57,10,35.90,4.89,10
326365,10,4.70,8.79,16,1.80,0.60,16,1.10,0.30,4,1082.40,302.38,2,1141.30,430.72,10,45.00,22.66,10
327311,10,5.40,7.57,16,2.40,0.66,16,1.20,0.40,4,880.00,40.25,2,1011.80,47.36,10,39.60,3.44,10
328275,10,5.10,11.31,16,1.50,0.50,16,0.90,0.54,4,900.90,34.54,2,995.30,27.53,10,39.00,2.72,10
329254,10,5.50,10.84,16,2.00,0.63,16,0.90,0.30,4,1077.80,322.29,2,1021.90,34.76,10,43.90,16.19,10
330215,10,5.00,9.34,16,2.00,0.00,16,1.00,0.00,4,1072.40,467.00,2,1127.40,411.29,10,39.70,4.05,10
331126,10,4.90,8.70,16,1.90,0.54,16,0.90,0.30,4,1038.80,372.28,2,991.50,57.40,10,44.20,10.27,10
332077,10,5.40,9.87,16,1.90,0.54,16,0.80,0.40,4,950.90,53.60,2,1014.90,51.53,10,46.90,18.33,10
333087,10,4.60,8.82,16,1.90,0.30,16,0.80,0.40,4,1045.60,383.90,2,955.80,70.07,10,36.60,7.39,10
334052,10,5.30,9.57,16,2.10,0.30,16,1.10,0.30,4,955.00,48.98,2,1113.70,336.13,10,46.60,12.82,10
335063,10,9.80,16.81,16,1.50,0.50,16,0.80,0.40,4,1074.70,434.52,2,1174.50,382.24,10,40.80,4.71,10
336060,10,8.80,16.85,16,2.30,0.46,16,1.30,0.46,4,921.20,32.58,2,1136.00,350.92,10,39.80,4.02,10
337020,10,5.10,10.31,16,2.10,0.70,16,0.80,0.40,4,898.00,36.20,2,999.90,26.05,10,38.10,4.28,10
337980,10,4.20,7.95,16,1.80,0.60,16,0.90,0.30,4,910.90,43.95,2,1068.60,72.35,10,52.20,17.62,10
338958,10,4.90,9.04,16,7.90,17.37,16,1.00,0.00,4,1048.60,293.74,2,1023.30,37.95,10,46.20,0.75,10
339931,10,5.40,11.21,16,1.80,0.40,16,1.00,0.00,4,916.80,37.98,2,1155.60,414.83,10,45.20,24.65,10
340918,10,4.60,8.14,16,1.50,0.50,16,0.90,0.54,4,1053.40,362.82,2,1196.60,367.75,10,36.50,3.91,10
341881,10,4.80,8.40,16,2.00,0.45,16,1.10,0.30,4,877.70,35.95,2,1015.50,40.59,10,47.30,16.70,10
342839,10,5.00,9.34,16,1.50,0.50,16,0.80,0.40,4,909.20,32.79,2,978.70,67.90,10,48.10,19.28,10
343828,10,4.40,7.90,16,1.90,0.70,16,0.80,0.40,4,925.10,42.36,2,1210.20,386.36,10,43.70,13.93,10
344801,10,9.20,21.94,16,2.00,0.45,16,1.20,0.40,4,1054.80,452.29,2,1125.20,358.51,10,48.60,20.64,10
345737,10,11.40,28.24,16,1.70,0.46,16,0.80,0.40,4,1044.30,350.93,2,1021.00,55.92,10,47.90,24.04,10
346705,10,4.20,7.61,16,1.90,0.30,16,0.90,0.30,4,1039.30,349.90,2,1063.80,73.16,10,47.00,16.30,10
347674,10,4.40,7.54,16,2.10,0.30,16,1.00,0.00,4,919.70,23.19,2,1047.30,44.18,10,40.30,4.17,10
348620,10,4.70,9.78,16,1.90,0.30,16,1.10,0.30,4,915.30,28.20,2,1147.30,306.26,10,40.30,15.13,10
349608,10,4.80,8.40,16,2.00,0.00,16,1.00,0.00,4,1045.10,456.61,2,1202.10,383.37,10,46.30,21.98,10
350614,10,6.20,13.94,16,1.50,0.50,16,0.70,0.46,4,1040.80,379.94,2,1041.70,53.20,10,46.50,11.83,10
351588,10,5.50,10.51,16,2.00,0.00,16,1.00,0.00,4,931.50,37.66,2,1011.30,22.55,10,40.60,4.32,10
352556,10,5.10,9.32,16,2.70,0.46,16,1.40,0.49,4,939.60,80.59,2,1096.10,59.75,10,45.50,0.92,10
353557,10,5.60,9.52,16,2.30,0.64,16,1.30,0.46,4,979.90,53.77,2,1220.00,272.39,10,50.10,12.64,10
354471,10,5.30,10.24,16,2.00,0.00,16,0.90,0.30,4,1116.60,506.81,2,1188.40,389.59,10,46.30,15.61,10
355490,10,4.80,8.07,16,1.90,0.30,16,1.00,0.45,4,1076.10,72.10,2,1225.10,404.78,10,46.00,0.77,10
356444,10,4.70,8.44,16,1.60,0.49,16,1.00,0.00,4,1050.20,355.85,2,1039.30,35.85,10,45.20,16.54,10
357426,10,4.70,8.10,16,1.60,0.49,16,1.10,0.30,4,906.30,27.53,2,1007.80,29.00,10,38.40,4.10,10
358380,10,11.60,28.80,16,2.00,0.45,16,1.10,0.30,4,993.20,86.62,2,1090.90,57.70,10,133.80,280.44,10
359389,10,4.30,7.25,16,1.50,0.50,16,1.10,0.30,4,920.70,38.25,2,1193.40,421.75,10,40.50,5.18,10
360360,10,6.20,12.27,16,2.10,0.30,16,1.10,0.30,4,1052.60,376.49,2,1188.20,398.54,10,41.00,14.16,10
361310,10,4.90,9.05,16,1.50,0.50,16,1.00,0.45,4,1110.20,416.05,2,1012.20,19.44,10,47.30,17.83,10
362232,10,5.20,8.35,16,2.30,0.46,16,1.30,0.46,4,943.30,39.92,2,1013.20,35.04,10,46.40,20.13,10
363230,10,7.00,16.34,16,2.30,0.46,16,0.90,0.30,4,975.70,71.31,2,1111.40,65.66,10,50.80,26.78,10
364187,10,4.90,9.04,16,1.80,0.40,16,1.00,0.00,4,1017.00,71.22,2,1237.90,455.57,10,45.40,14.60,10
365111,10,4.50,7.50,16,2.00,0.00,16,0.90,0.30,4,1152.10,327.31,2,1178.50,379.33,10,38.40,4.32,10
366117,10,4.80,8.40,16,2.00,0.00,16,1.10,0.30,4,1089.30,369.47,2,1018.20,30.45,10,49.40,26.36,10
367145,10,4.90,8.38,16,2.30,0.64,16,1.10,0.30,4,979.60,87.98,2,1030.90,23.45,10,48.60,20.30,10
368167,10,4.50,7.85,16,7.50,15.84,16,0.90,0.54,4,885.40,58.64,2,1054.40,48.09,10,50.40,31.45,10
369131,10,5.10,9.64,16,2.10,0.30,16,1.10,0.30,4,1087.40,338.92,2,1201.90,483.04,10,47.30,13.32,10
370094,10,4.70,9.45,16,1.50,0.50,16,0.80,0.40,4,1104.40,374.32,2,1202.40,409.25,10,45.20,20.54,10
371051,10,5.60,8.82,16,2.60,0.49,16,1.20,0.40,4,1075.90,365.82,2,1015.30,41.55,10,39.40,4.78,10
371979,10,4.90,9.71,16,1.40,0.49,16,0.60,0.49,4,952.70,40.47,2,1061.40,78.89,10,42.00,7.77,10
372944,10,5.60,11.47,16,2.00,0.45,16,0.80,0.40,4,977.50,54.36,2,1037.60,53.65,10,41.60,4.57,10
373940,10,5.10,9.98,16,2.00,0.00,16,0.90,0.30,4,1099.20,351.92,2,1194.00,443.84,10,48.00,17.24,10
374961,10,4.70,8.78,16,1.60,0.49,16,1.00,0.00,4,1080.70,369.73,2,1250.30,456.05,10,40.30,4.69,10
375879,10,5.20,9.94,16,1.90,0.30,16,0.80,0.60,4,1107.20,363.49,2,1045.70,29.39,10,43.10,2.07,10
376816,10,4.70,8.10,16,1.70,0.64,16,0.90,0.30,4,947.80,37.31,2,1032.10,46.92,10,44.30,2.79,10
377793,10,5.30,10.91,16,1.50,0.50,16,0.90,0.54,4,976.80,46.24,2,1121.70,48.96,10,41.80,3.37,10
378820,10,7.70,18.11,16,1.60,0.49,16,0.80,0.40,4,1137.70,353.82,2,1179.70,376.08,10,42.30,2.61,10
379810,10,4.90,8.37,16,3.10,0.83,16,1.80,0.87,4,1100.70,382.48,2,1224.60,402.66,10,39.30,5.20,10
380776,10,5.60,11.47,16,1.70,0.46,16,0.80,0.40,4,1112.70,389.02,2,1093.70,78.71,10,40.90,4.28,10
381771,10,5.00,9.01,16,1.80,0.40,16,1.00,0.45,4,1080.50,381.47,2,1050.30,32.81,10,39.90,4.16,10
382727,10,6.20,13.28,16,1.50,0.50,16,0.80,0.40,4,937.40,30.16,2,1045.60,47.25,10,42.90,3.01,10
383683,10,5.40,11.21,16,1.50,0.50,16,0.90,0.30,4,1138.20,276.08,2,1224.20,435.28,10,45.70,18.36,10
384625,10,4.30,8.25,16,1.40,0.49,16,0.80,0.40,4,1101.40,381.80,2,1181.40,380.42,10,47.50,22.16,10
385618,10,6.50,12.51,16,2.00,0.45,16,0.80,0.40,4,1075.60,335.78,2,1059.20,39.64,10,42.30,3.58,10
386568,10,6.30,14.25,16,1.90,0.30,16,1.20,0.40,4,984.60,104.53,2,1056.50,31.96,10,39.10,3.91,10
387551,10,7.30,16.91,16,1.60,0.49,16,0.80,0.40,4,970.80,27.24,2,1063.60,43.99,10,40.90,4.46,10
388512,10,4.80,8.08,16,2.20,0.40,16,1.30,0.64,4,1129.00,328.41,2,1201.80,346.74,10,37.00,5.73,10
389497,10,5.00,9.34,16,2.00,0.00,16,0.80,0.60,4,1152.60,437.55,2,1210.40,395.59,10,46.10,19.68,10
390446,10,5.10,9.64,16,9.50,23.17,16,1.00,0.00,4,1104.20,360.54,2,1297.60,375.83,10,47.50,21.79,10
391413,10,6.50,15.17,16,1.60,0.49,16,1.00,0.00,4,984.80,52.77,2,1083.40,60.42,10,50.00,20.31,10
392388,10,5.30,10.57,16,1.90,0.70,16,0.80,0.40,4,963.80,77.01,2,1054.60,39.76,10,45.80,17.95,10
393341,10,5.00,9.35,16,2.10,0.30,16,1.20,0.40,4,1108.80,299.53,2,1227.30,436.82,10,51.40,22.97,10
394377,10,4.80,8.74,16,1.70,0.46,16,0.90,0.30,4,1099.60,395.32,2,1326.60,337.62,10,45.50,12.02,10
395318,10,9.20,15.33,16,1.90,0.30,16,0.90,0.54,4,1135.20,376.53,2,1114.30,56.26,10,38.20,4.24,10
396274,10,5.20,11.28,16,1.60,0.49,16,1.10,0.30,4,982.30,19.67,2,1079.80,27.18,10,46.40,19.95,10
397189,10,5.90,7.78,16,7.10,14.64,16,1.30,0.46,4,968.70,34.14,2,1226.20,466.79,10,45.30,17.30,10
398140,10,5.00,9.34,16,1.80,0.40,16,1.10,0.30,4,1026.10,84.04,2,1180.20,323.83,10,46.70,15.16,10
399096,10,4.60,8.48,16,1.60,0.49,16,0.70,0.46,4,1104.30,424.20,2,1196.20,389.63,10,45.00,15.63,10
400094,10,4.70,9.11,16,1.50,0.50,16,0.70,0.46,4,1186.10,346.75,2,1234.90,332.99,10,45.70,14.87,10
401071,10,4.40,7.88,16,2.00,0.00,16,1.10,0.30,4,991.50,32.10,2,1056.30,32.39,10,39.70,3.44,10
402040,10,4.70,8.11,16,2.10,0.54,16,1.00,0.00,4,953.60,35.59,2,1048.40,35.03,10,42.90,3.24,10
402976,10,5.30,10.24,16,2.10,0.30,16,1.20,0.40,4,1015.80,86.78,2,1278.20,416.20,10,46.80,10.67,10
403901,10,6.00,14.34,16,1.10,0.30,16,0.60,0.49,4,1083.90,351.41,2,1268.60,429.88,10,44.00,14.72,10
404878,10,4.90,9.05,16,7.50,16.17,16,1.20,0.40,4,1094.90,358.37,2,1224.70,405.56,10,45.00,5.66,10
405870,10,5.00,7.36,16,2.70,0.46,16,1.40,0.66,4,1154.00,372.14,2,1072.30,31.38,10,47.10,18.78,10
406827,10,5.20,9.94,16,1.70,0.46,16,0.80,0.60,4,967.80,50.02,2,1059.60,38.87,10,40.90,4.04,10
407790,10,5.00,9.67,16,1.50,0.50,16,0.80,0.40,4,1005.30,51.33,2,1069.90,65.44,10,54.90,22.86,10
408751,10,6.80,13.74,16,2.20,0.40,16,10.80,29.73,4,1135.00,412.54,2,1269.90,424.52,10,47.70,23.92,10
409737,10,14.50,38.17,16,1.80,0.40,16,1.00,0.00,4,1113.70,388.68,2,1233.30,395.18,10,49.20,27.36,10
410720,10,6.20,12.27,16,1.60,0.49,16,0.80,0.40,4,1141.90,380.32,2,1279.10,351.09,10,46.60,13.26,10
411706,10,4.10,7.31,16,1.50,0.50,16,0.90,0.54,4,966.40,23.66,2,1082.30,16.43,10,39.80,3.31,10
412684,10,4.60,9.15,16,1.70,0.64,16,1.00,0.45,4,987.00,23.18,2,1112.90,38.90,10,40.80,4.47,10
413663,10,6.50,14.51,16,1.50,0.67,16,1.00,0.00,4,1146.00,310.22,2,1331.60,388.31,10,39.70,4.78,10
414628,10,6.50,11.52,16,2.30,0.46,16,1.70,0.46,4,1113.80,388.16,2,1234.20,353.18,10,45.70,14.49,10
415638,10,6.80,16.41,16,1.50,0.50,16,0.80,0.40,4,1136.10,357.78,2,1291.80,453.56,10,40.90,4.95,10
416590,10,4.70,9.11,16,2.00,0.45,16,0.80,0.40,4,1035.50,64.63,2,1081.40,32.27,10,40.60,3.07,10
417548,10,4.70,8.45,16,1.90,0.54,16,1.00,0.45,4,966.50,27.26,2,1104.70,32.00,10,47.80,20.96,10
418474,10,4.70,8.45,16,1.80,0.40,16,1.00,0.00,4,1031.70,71.05,2,1328.50,498.67,10,51.80,11.86,10
419427,10,6.30,12.91,16,2.00,0.00,16,1.50,0.50,4,1181.30,336.58,2,1236.10,369.41,10,47.70,24.89,10
420382,10,7.30,16.24,16,1.90,0.30,16,0.80,0.40,4,1155.10,397.23,2,1236.30,353.91,10,48.80,22.19,10
421323,10,5.90,13.04,16,1.60,0.49,16,1.10,0.30,4,1006.90,47.24,2,1134.60,82.48,10,42.20,3.97,10
422272,10,5.80,12.42,16,2.10,0.30,16,1.20,0.40,4,956.90,53.08,2,1073.80,42.10,10,46.60,16.84,10
423255,10,4.60,7.83,16,2.80,0.75,16,1.10,0.30,4,976.90,83.94,2,1259.70,317.84,10,42.40,13.19,10
424256,10,5.80,13.08,16,1.70,0.46,16,0.90,0.30,4,1129.50,426.84,2,1307.50,386.51,10,45.60,19.05,10
425215,10,6.70,14.44,16,1.90,0.30,16,0.90,0.30,4,1152.20,352.89,2,1251.50,369.94,10,45.40,15.21,10
426171,10,4.80,8.74,16,2.00,0.00,16,0.90,0.30,4,1129.30,374.22,2,1081.60,25.70,10,40.80,3.46,10
427124,10,5.00,10.01,16,2.10,0.30,16,1.10,0.30,4,1035.20,58.33,2,1097.60,28.51,10,47.00,24.74,10
428101,10,4.60,7.83,16,1.60,0.49,16,0.80,0.40,4,1030.20,64.57,2,1273.80,299.02,10,44.50,11.01,10
429076,10,5.70,11.77,16,2.10,0.30,16,1.10,0.30,4,1161.10,411.10,2,1267.00,351.48,10,54.00,17.67,10
430023,10,5.50,10.51,16,2.10,0.30,16,1.30,0.46,4,1152.60,373.00,2,1285.40,382.04,10,45.10,12.61,10
431005,10,5.70,11.44,16,1.50,0.50,16,1.00,0.45,4,1156.70,351.24,2,1093.50,28.71,10,47.70,19.08,10
432008,10,6.00,10.36,16,2.40,0.80,16,1.50,0.50,4,1003.00,44.69,2,1144.00,60.13,10,47.50,21.57,10
432953,10,6.60,14.81,16,1.80,0.60,16,0.70,0.46,4,1014.00,40.41,2,1247.50,312.83,10,47.40,23.87,10
433936,10,4.90,10.04,16,1.40,0.49,16,0.90,0.30,4,1178.50,390.26,2,1273.90,402.09,10,46.70,27.80,10
434948,10,5.00,7.72,16,1.70,0.46,16,1.00,0.00,4,1205.40,331.71,2,1291.60,393.59,10,43.80,17.83,10
435829,10,4.30,8.25,16,8.10,18.64,16,0.90,0.30,4,1149.30,342.65,2,1114.50,35.86,10,45.50,16.30,10
436836,10,5.30,9.91,16,1.60,0.49,16,0.90,0.30,4,994.80,35.76,2,1117.30,35.96,10,47.10,19.94,10
437809,10,4.50,8.18,16,1.80,0.40,16,1.10,0.30,4,1065.70,70.55,2,1248.70,386.21,10,47.60,19.37,10
438785,10,5.80,11.42,16,2.00,0.00,16,1.10,0.30,4,1158.90,288.92,2,1279.90,428.78,10,46.40,16.04,10
439777,10,5.90,13.04,16,1.50,0.50,16,0.80,0.40,4,1153.00,370.70,2,1391.30,317.97,10,47.30,0.90,10
440719,10,6.20,11.30,16,2.40,0.49,16,1.30,0.46,4,1178.30,372.57,2,1272.40,442.21,10,50.80,17.63,10
441638,10,5.40,11.55,16,1.50,0.50,16,0.70,0.46,4,1023.30,43.60,2,1124.70,37.30,10,47.80,2.56,10
442589,10,4.50,8.51,16,1.60,0.49,16,0.70,0.46,4,1042.20,77.84,2,1166.30,52.48,10,47.00,21.87,10
443565,10,4.20,7.95,16,1.60,0.49,16,0.90,0.54,4,1161.80,305.74,2,1258.30,327.48,10,44.40,14.91,10
444562,10,9.90,16.36,16,2.00,0.00,16,1.00,0.00,4,1162.20,388.25,2,1437.50,538.89,10,45.10,5.66,10
445535,10,4.60,7.81,16,2.00,0.00,16,1.10,0.30,4,1232.30,406.72,2,1282.90,357.55,10,46.10,22.64,10
446518,10,5.40,11.54,16,1.60,0.49,16,1.20,0.40,4,1008.50,39.66,2,1107.50,29.30,10,43.60,3.04,10
447471,10,4.70,8.78,16,1.80,0.40,16,0.90,0.30,4,1011.20,28.74,2,1170.70,64.85,10,47.60,15.77,10
448442,10,5.10,9.98,16,1.70,0.46,16,0.90,0.54,4,1010.60,41.60,2,1293.70,329.96,10,45.20,11.87,10
449363,10,7.20,12.96,16,2.40,0.49,16,1.20,0.40,4,1173.20,385.36,2,1313.80,442.27,10,176.70,404.78,10
450310,10,7.60,17.14,16,1.90,0.30,16,0.70,0.46,4,1236.30,446.84,2,1304.70,361.78,10,44.40,24.54,10
451288,10,4.80,8.75,16,1.40,0.49,16,1.00,0.45,4,1044.00,53.24,2,1133.80,45.37,10,46.60,19.97,10
452262,10,8.30,19.57,16,1.50,0.50,16,0.70,0.46,4,994.80,31.15,2,1115.30,29.65,10,47.30,16.08,10
453275,10,4.60,9.48,16,2.80,0.60,16,1.00,0.45,4,1180.60,482.88,2,1172.50,67.86,10,53.40,30.77,10
454261,10,5.70,12.11,16,2.00,0.45,16,1.00,0.00,4,1268.50,532.85,2,1315.40,367.47,10,45.60,23.22,10
455242,10,4.90,9.39,16,2.00,0.00,16,1.10,0.30,4,1172.70,411.84,2,1367.00,427.58,10,44.20,10.31,10
456218,10,4.90,8.37,16,2.10,0.30,16,1.20,0.40,4,1155.30,360.75,2,1153.20,51.57,10,42.70,3.95,10
457169,10,5.30,10.25,16,1.60,0.66,16,0.90,0.54,4,1015.70,20.91,2,1276.00,382.31,10,41.80,4.69,10
458082,10,6.00,9.36,16,2.10,0.54,16,1.60,0.49,4,1055.50,73.87,2,1168.10,55.86,10,46.60,18.77,10
459039,10,5.30,11.24,16,1.60,0.49,16,0.60,0.49,4,1180.30,301.77,2,1327.70,439.84,10,39.90,5.89,10
460032,10,4.30,7.91,16,1.80,0.60,16,0.80,0.60,4,1175.20,339.34,2,1424.40,544.28,10,51.90,9.94,10
460999,10,5.00,9.00,16,2.10,0.54,16,1.00,0.45,4,1225.80,337.26,2,1188.30,73.94,10,48.20,19.56,10
461966,10,4.50,8.19,16,2.00,0.63,16,1.00,0.00,4,1154.30,414.21,2,1117.80,22.44,10,40.70,4.43,10
462917,10,4.30,7.25,16,1.70,0.64,16,1.00,0.45,4,1043.80,39.70,2,1186.60,74.24,10,41.70,4.82,10
463899,10,4.50,8.19,16,2.10,0.54,16,1.10,0.30,4,1093.80,107.63,2,1366.10,368.91,10,184.70,438.45,10
464925,10,5.00,10.34,16,1.50,0.50,16,0.80,0.40,4,1177.30,341.52,2,1359.60,372.83,10,47.50,20.19,10
465945,10,4.60,8.16,16,1.90,0.30,16,1.20,0.40,4,1296.10,417.81,2,1484.20,528.43,10,44.80,20.98,10
466897,10,5.30,8.58,16,2.40,0.49,16,1.20,0.40,4,1087.20,82.79,2,1174.50,37.98,10,39.90,4.11,10
467846,10,7.70,16.12,16,1.90,0.54,16,1.00,0.45,4,1043.50,34.58,2,1208.70,61.73,10,40.60,5.12,10
468762,10,5.80,13.08,16,1.40,0.49,16,0.70,0.46,4,1009.60,24.52,2,1303.60,339.21,10,63.60,41.13,10
469744,10,4.70,8.11,16,1.50,0.50,16,0.80,0.40,4,1175.60,322.01,2,1431.90,489.38,10,47.40,12.74,10
470741,10,4.60,8.14,16,1.80,0.40,16,1.00,0.00,4,1282.30,407.04,2,1340.30,335.99,10,45.20,15.17,10
471702,10,5.40,10.54,16,1.90,0.30,16,1.00,0.45,4,1214.70,379.25,2,1155.70,32.21,10,45.20,16.30,10
472629,10,4.70,9.11,16,1.80,0.60,16,1.20,0.40,4,1074.80,47.69,2,1188.30,80.23,10,43.90,7.80,10
473580,10,4.90,10.04,16,1.40,0.49,16,0.90,0.54,4,1268.60,349.29,2,1278.90,65.24,10,40.70,4.00,10
474472,10,4.60,7.80,16,1.70,0.46,16,1.00,0.45,4,1335.80,313.99,2,1552.00,491.93,10,51.90,31.59,10
475491,10,7.50,16.17,16,2.40,0.92,16,1.30,0.46,4,1382.00,410.43,2,1581.70,490.80,10,48.80,26.84,10
476454,10,4.60,8.48,16,1.50,0.50,16,0.60,0.49,4,1370.50,373.59,2,1280.10,37.22,10,49.00,15.73,10
477402,10,4.50,8.18,16,1.90,0.54,16,1.00,0.45,4,1173.80,24.45,2,1363.40,76.46,10,48.80,21.88,10
478354,10,4.80,8.08,16,2.20,0.40,16,0.80,0.40,4,1221.10,26.56,2,1474.70,324.12,10,156.00,336.01,10
479294,10,4.40,7.20,16,2.00,0.00,16,1.10,0.30,4,1349.00,404.48,2,1663.70,449.67,10,41.80,11.12,10
480249,10,5.20,10.94,16,1.80,0.40,16,0.90,0.54,4,1396.10,358.61,2,1491.80,376.61,10,47.70,13.89,10
481213,10,4.20,7.95,16,2.00,0.45,16,1.00,0.45,4,1196.50,38.65,2,1318.40,49.09,10,53.20,24.03,10
482208,10,10.50,25.17,16,2.90,0.70,16,1.30,0.46,4,1214.10,88.64,2,1293.50,39.56,10,41.60,4.13,10
483205,10,5.00,9.34,16,1.60,0.49,16,1.20,0.40,4,1200.10,36.90,2,1594.20,382.78,10,46.80,21.44,10
484210,10,5.00,8.67,16,3.10,0.70,16,1.40,0.49,4,1417.20,411.95,2,1565.80,465.64,10,54.10,36.69,10
485170,10,5.70,12.11,16,1.70,0.46,16,1.00,0.45,4,1396.20,313.42,2,1638.90,530.22,10,50.50,20.80,10
486092,10,4.20,8.28,16,1.40,0.49,16,0.90,0.30,4,1187.50,33.47,2,1344.80,81.17,10,45.70,16.65,10
487049,10,4.40,7.55,16,1.70,0.64,16,0.90,0.30,4,1183.20,35.67,2,1287.30,31.77,10,48.90,19.35,10
488000,10,4.80,8.08,16,2.10,0.30,16,1.00,0.63,4,1336.30,334.99,2,1690.40,609.96,10,56.70,20.81,10
488943,10,4.80,8.74,16,2.00,0.45,16,0.80,0.40,4,1429.70,340.27,2,1612.90,442.28,10,42.40,4.41,10
489896,10,5.90,10.72,16,1.80,0.60,16,1.10,0.30,4,1379.50,399.22,2,1430.70,348.52,10,44.10,4.91,10
490851,10,6.40,11.58,16,1.80,0.40,16,0.90,0.54,4,1243.50,62.59,2,1314.60,36.24,10,51.20,19.46,10
491881,10,6.10,12.98,16,1.60,0.49,16,1.00,0.45,4,1202.40,43.88,2,1300.60,43.34,10,47.80,23.20,10
492811,10,8.90,19.38,16,2.60,0.49,16,1.20,0.40,4,1512.50,449.59,2,1608.90,499.01,10,44.60,10.66,10
493767,10,4.50,9.18,16,1.50,0.50,16,0.70,0.46,4,1313.00,359.45,2,1494.60,356.19,10,170.10,390.64,10
494711,10,5.90,12.04,16,2.00,0.00,16,0.90,0.30,4,1385.70,272.35,2,1368.80,71.97,10,47.90,20.55,10
495635,10,5.20,9.27,16,1.40,0.49,16,0.70,0.46,4,1169.60,40.12,2,1289.50,36.24,10,39.20,5.86,10
496572,10,4.60,8.15,16,1.70,0.46,16,1.10,0.54,4,1179.60,35.26,2,1450.90,409.28,10,51.20,32.21,10
497524,10,14.10,36.63,16,2.10,0.30,16,1.10,0.30,4,1504.00,536.07,2,1492.30,338.51,10,53.40,28.86,10
498444,10,4.60,10.14,16,1.50,0.50,16,0.90,0.30,4,1352.80,367.01,2,1510.20,332.26,10,47.50,22.66,10
499394,10,4.30,7.25,16,2.40,0.49,16,1.10,0.30,4,1393.70,339.99,2,1299.90,39.55,10,47.00,18.51,10
500367,10,8.40,18.87,16,2.00,0.63,16,1.20,0.40,4,1165.00,36.42,2,1285.00,30.46,10,43.70,3.61,10
501331,10,5.60,8.50,16,2.60,0.66,16,1.50,0.67,4,1308.50,334.29,2,1540.40,348.03,10,46.50,15.65,10
502283,10,5.10,10.31,16,1.90,0.30,16,0.80,0.60,4,1477.80,490.52,2,1641.40,400.18,10,50.10,24.41,10
503238,10,4.50,7.19,16,2.00,0.00,16,0.90,0.30,4,1399.60,344.91,2,1661.70,431.93,10,48.90,23.53,10
504189,10,5.10,8.64,16,1.90,0.54,16,1.00,0.45,4,1229.90,31.26,2,1304.60,42.53,10,39.80,4.58,10
505164,10,4.00,7.36,16,1.90,0.54,16,0.80,0.40,4,1261.70,93.15,2,1335.30,71.04,10,49.80,2.40,10
506141,10,4.80,9.08,16,2.00,0.00,16,1.10,0.30,4,1277.60,94.83,2,1610.20,433.97,10,46.80,25.76,10
507092,10,6.30,13.24,16,2.10,0.30,16,1.10,0.30,4,1486.30,487.38,2,1633.20,451.02,10,43.00,4.58,10
508061,10,5.00,9.01,16,2.20,0.40,16,1.10,0.30,4,1579.80,498.04,2,1552.00,351.56,10,45.20,21.47,10
509043,10,5.80,11.07,16,2.10,0.30,16,1.30,0.46,4,1341.30,334.93,2,1302.90,53.32,10,41.90,3.70,10
510023,10,5.50,7.85,16,2.20,0.40,16,1.40,0.49,4,1288.20,77.43,2,1309.70,47.69,10,46.80,19.49,10
510991,10,5.40,10.21,16,1.60,0.49,16,0.80,0.40,4,1187.20,32.61,2,1605.10,475.42,10,52.80,22.55,10
511951,10,11.90,31.37,16,1.80,0.40,16,1.00,0.00,4,1503.90,463.88,2,1599.40,363.92,10,51.30,19.68,10
512876,10,4.40,7.54,16,1.80,0.40,16,0.80,0.40,4,1457.40,459.79,2,1521.30,320.58,10,45.50,18.78,10
513779,10,4.00,7.68,16,2.20,0.40,16,1.00,0.63,4,1353.20,391.43,2,1362.90,90.03,10,46.30,16.30,10
514737,10,4.20,7.28,16,2.10,0.30,16,1.10,0.54,4,1208.60,53.13,2,1328.80,47.62,10,49.50,22.60,10
515708,10,4.80,9.08,16,1.50,0.50,16,0.90,0.30,4,1241.10,53.89,2,1607.90,460.55,10,48.20,29.61,10
516717,10,8.00,17.67,16,2.20,0.40,16,1.10,0.30,4,1561.60,465.60,2,1660.40,416.69,10,51.50,29.06,10
517664,10,6.40,14.54,16,1.90,0.54,16,1.20,0.40,4,1521.40,448.16,2,1498.70,410.63,10,53.20,31.24,10
518644,10,6.20,10.62,16,2.50,0.50,16,1.30,0.46,4,1279.60,70.40,2,1338.00,55.56,10,38.80,4.35,10
519603,10,5.80,12.41,16,1.60,0.66,16,0.90,0.30,4,1227.30,58.25,2,1444.10,353.34,10,47.40,19.78,10
520525,10,5.20,9.94,16,1.70,0.46,16,0.90,0.30,4,1212.50,52.00,2,1554.10,410.54,10,44.90,9.93,10
521500,10,5.20,10.27,16,1.70,0.46,16,0.70,0.46,4,1646.80,700.64,2,1679.20,488.52,10,47.40,6.22,10
522404,10,4.80,9.08,16,2.00,0.45,16,0.80,0.40,4,1382.30,338.31,2,1744.40,494.84,10,48.20,20.91,10
523350,10,4.90,8.07,16,2.00,0.45,16,1.00,0.00,4,1235.90,44.41,2,1314.70,20.14,10,51.50,18.11,10
524327,10,4.70,8.45,16,2.00,0.63,16,1.10,0.30,4,1256.70,102.79,2,1451.30,100.44,10,54.40,20.51,10
525316,10,6.20,12.94,16,2.10,0.30,16,1.10,0.30,4,1266.20,66.21,2,1741.30,449.63,10,46.40,21.39,10
526312,10,5.00,10.01,16,2.20,0.40,16,8.30,21.57,4,1599.90,533.91,2,1651.70,364.38,10,58.10,24.88,10
527266,10,5.50,10.51,16,1.90,0.54,16,1.10,0.30,4,1574.00,481.09,2,1550.90,355.44,10,49.10,14.22,10
528273,10,5.00,10.34,16,1.50,0.50,16,0.70,0.46,4,1237.90,25.98,2,1312.00,30.01,10,50.30,19.86,10
529289,10,5.60,11.48,16,1.60,0.49,16,1.00,0.00,4,1369.80,452.28,2,1328.90,33.03,10,39.60,3.83,10
530285,10,6.50,13.84,16,1.80,0.60,16,0.90,0.30,4,1234.50,51.34,2,1629.00,597.61,10,46.00,15.17,10
531265,10,4.70,9.78,16,1.90,0.54,16,1.00,0.00,4,1480.60,342.70,2,1705.20,494.64,10,53.60,28.91,10
532228,10,7.00,15.68,16,1.50,0.50,16,0.80,0.40,4,1564.80,453.55,2,1565.50,355.94,10,41.80,3.68,10
533170,10,5.00,10.02,16,1.90,0.54,16,1.00,0.00,4,1236.60,73.59,2,1364.50,62.69,10,31.20,5.33,10
534186,10,8.90,14.45,16,1.80,0.75,16,0.80,0.40,4,1214.70,48.52,1,1459.00,351.85,10,42.60,26.40,10
535146,10,5.90,11.38,16,1.70,0.46,16,0.90,0.30,4,1237.10,42.39,2,1712.00,485.17,10,50.20,22.39,10
536140,10,5.20,8.94,16,2.20,0.60,16,1.50,0.50,1,1579.90,504.40,2,1747.00,488.56,10,44.50,7.19,10
537108,10,5.20,10.61,16,1.40,0.49,16,0.80,0.40,4,1429.60,315.55,2,1717.90,508.51,10,40.80,4.64,10
538082,10,4.80,9.42,16,1.90,0.54,16,0.80,0.40,4,1262.00,48.37,2,1324.70,75.06,10,40.30,4.41,10
539030,10,5.20,9.62,16,1.60,0.49,16,0.70,0.46,4,1210.50,48.13,2,1345.10,49.28,10,49.00,6.81,10
540052,10,5.90,11.38,16,2.40,0.66,16,1.20,0.60,4,1411.80,388.55,2,1561.10,343.00,10,45.10,17.01,10
540979,10,5.20,10.94,16,2.10,0.54,16,1.00,0.00,4,1551.40,491.13,1,1678.50,489.62,10,52.70,36.91,10
541977,10,6.30,13.91,16,1.80,0.40,16,1.10,0.30,4,1630.70,477.10,2,1521.70,340.93,10,44.40,3.17,10
542948,10,5.20,9.95,16,2.10,0.30,16,1.00,0.00,4,1206.90,29.76,2,1323.80,65.95,10,40.80,4.04,10
543889,10,12.50,33.84,1,2.30,0.46,16,1.10,0.30,4,1289.00,54.19,2,1411.00,99.51,10,51.30,20.27,10
544842,10,5.20,8.63,16,2.60,0.92,16,1.10,0.30,4,1400.80,425.82,2,1652.00,481.88,10,52.60,28.85,10
545805,10,6.10,13.64,16,1.80,0.40,16,0.90,0.30,4,1574.40,473.92,1,1718.30,437.77,10,44.30,13.42,10
546807,10,5.10,9.64,16,1.20,0.40,1,1.00,0.45,4,1444.50,301.41,2,1681.40,530.21,10,43.20,4.64,10
547742,10,5.30,10.91,16,1.70,0.46,16,0.70,0.46,4,1250.40,39.56,2,1359.50,91.99,10,47.70,18.99,10
548731,10,4.90,9.71,16,2.10,0.30,16,1.10,0.30,4,1226.30,44.44,2,1358.20,33.72,10,42.70,3.38,10
549688,10,7.70,17.44,16,1.60,0.49,16,1.10,0.30,4,1403.40,352.25,2,1766.20,476.85,10,41.50,5.46,10
550645,10,4.10,9.31,1,1.80,0.60,16,0.80,0.40,4,1547.30,478.77,2,1599.50,386.26,10,40.30,4.50,10
551597,10,5.20,9.27,16,2.10,0.30,16,1.20,0.40,4,1563.60,447.69,2,1696.40,542.90,10,47.90,18.52,10
552601,10,5.30,10.92,16,2.10,0.54,16,1.20,0.40,4,1242.70,50.51,2,1349.30,87.87,10,49.60,20.54,10
553543,10,7.30,14.57,16,2.60,0.92,16,1.70,0.46,4,1250.30,39.53,2,1336.20,73.38,10,42.10,4.30,10
554463,10,5.30,9.92,16,2.10,0.30,16,0.70,0.46,4,1422.30,356.85,2,1555.80,355.28,10,52.40,28.09,10
555404,10,6.30,13.91,16,1.50,0.50,16,0.90,0.30,4,1553.80,524.77,2,1691.70,434.24,10,47.40,20.71,10
556407,10,4.50,8.85,16,1.40,0.49,16,0.80,0.40,4,1627.50,536.02,2,1699.10,469.70,10,43.70,3.52,10
557374,10,5.20,10.94,16,1.80,0.60,16,1.10,0.30,4,1240.40,36.13,2,1339.10,67.08,10,46.40,20.67,10
558338,10,9.50,15.78,16,1.60,0.49,16,0.80,0.40,4,1284.10,82.07,2,1365.90,31.33,10,44.60,4.05,10
559336,10,4.70,8.45,16,1.90,0.30,16,1.10,0.30,4,1254.90,31.55,2,1682.90,458.32,10,49.10,18.65,10
560335,10,5.30,9.57,16,2.30,0.64,16,1.30,0.64,4,1590.60,502.10,2,1751.90,450.81,10,50.60,20.33,10
561296,10,7.30,15.24,16,2.10,0.30,16,1.30,0.64,4,1552.60,460.80,2,1751.20,491.05,10,42.80,4.14,10
562244,10,7.60,14.49,16,2.20,0.40,16,1.50,0.50,4,1223.60,33.25,1,1405.00,53.42,10,47.10,20.74,10
563183,10,6.00,12.35,16,1.80,0.60,16,0.90,0.30,4,1304.00,90.13,2,1409.30,78.92,10,48.40,23.87,10
564144,10,4.70,8.45,16,1.60,0.49,16,0.60,0.49,1,1246.30,41.00,2,1733.30,515.64,10,47.10,20.75,10
565125,10,6.70,14.77,16,1.60,0.49,16,0.90,0.30,4,1611.40,443.57,2,1748.20,436.19,10,45.90,18.04,10
566083,10,4.90,8.04,16,2.10,0.30,16,1.00,0.00,4,1477.10,361.92,2,1796.70,461.78,10,41.70,5.24,10
567008,10,4.00,9.01,1,1.80,0.60,16,1.00,0.45,4,1254.40,36.84,2,1482.60,398.35,10,51.20,21.51,10
567967,10,4.20,9.27,1,2.10,0.54,16,1.00,0.00,4,1247.20,88.68,1,1426.90,83.14,10,48.20,5.67,10
568934,10,12.60,31.80,16,2.70,0.78,16,1.00,0.00,4,1284.20,39.97,2,1697.60,514.55,10,47.70,11.92,10
569883,10,4.90,9.05,16,1.80,0.40,16,1.20,0.40,4,1568.30,494.01,2,1743.20,509.21,10,49.70,7.89,10
570835,10,12.30,29.57,16,2.50,0.50,16,1.20,0.40,4,1619.60,476.13,2,1726.90,473.59,10,51.50,25.12,10
571827,10,5.50,11.17,16,1.80,0.40,16,0.90,0.30,4,1301.00,74.09,2,1378.70,21.60,10,42.00,4.82,10
572785,10,4.30,9.57,1,1.80,0.60,16,1.00,0.00,4,1443.40,363.74,2,1383.30,23.16,10,44.40,2.73,10
573780,10,7.30,16.24,16,1.60,0.49,16,0.90,0.30,4,1232.90,91.19,2,1556.10,430.22,10,54.90,30.68,10
574760,10,12.10,30.30,16,1.80,0.40,16,0.80,0.40,4,1743.70,582.89,2,1694.30,453.71,10,46.70,13.05,10
575718,10,4.80,9.08,16,1.80,0.40,16,0.80,0.40,4,1593.40,462.35,2,1762.50,492.64,10,46.60,27.68,10
576708,10,5.10,10.64,16,1.80,0.60,16,1.10,0.30,4,1547.60,432.61,2,1394.80,70.97,10,49.60,20.64,10
577659,10,5.20,10.27,16,1.90,0.54,16,1.20,0.40,4,1274.40,38.22,2,1382.20,37.25,10,50.00,19.96,10
578644,10,5.80,11.41,16,2.20,0.40,16,1.20,0.40,4,1458.30,426.20,2,1612.50,406.27,10,47.50,10.29,10
579625,10,5.50,9.51,16,2.60,0.49,16,1.20,0.40,4,1615.20,483.79,2,1781.10,523.29,10,50.00,27.41,10
580592,10,5.10,10.98,16,1.50,0.50,16,1.00,0.00,4,1690.30,495.07,2,1807.80,482.80,10,52.70,29.46,10
581520,10,5.00,9.00,16,2.00,0.00,16,0.70,0.46,1,1424.20,355.23,1,1446.10,89.55,10,48.40,21.19,10
582535,10,6.60,14.81,16,1.70,0.64,16,1.00,0.45,4,1333.90,95.46,2,1433.50,48.82,10,48.90,25.32,10
583444,10,4.60,8.14,16,1.20,0.40,1,1.10,0.30,4,1410.90,396.15,1,1598.80,382.10,10,53.30,11.58,10
584401,10,4.80,9.74,16,1.50,0.50,16,0.80,0.40,4,1653.20,440.41,2,1876.40,505.10,10,51.80,16.07,10
585379,10,5.50,10.17,16,1.80,0.60,16,0.70,0.46,1,1655.00,463.62,2,1783.50,481.03,10,57.80,37.93,10
586398,10,5.00,9.34,16,1.20,0.40,1,1.00,0.45,4,1483.10,445.20,2,1417.30,32.56,10,43.40,4.76,10
587404,10,4.90,9.71,16,1.90,0.30,16,1.20,0.40,4,1266.80,42.04,2,1394.70,35.99,10,42.80,3.57,10
588418,10,7.40,14.21,16,3.00,0.63,16,1.60,0.49,4,1427.80,387.41,2,1636.20,348.91,10,44.90,10.29,10
589440,10,5.80,13.41,16,1.40,0.49,16,0.80,0.60,4,1643.20,545.25,1,1755.50,511.29,10,172.30,400.58,10
590395,10,4.90,9.37,16,1.20,0.40,1,1.00,0.45,4,1553.30,327.76,2,1803.10,441.40,10,48.90,24.65,10
591333,10,6.90,15.04,16,2.00,0.63,16,1.00,0.00,4,1455.30,404.65,2,1390.20,59.19,10,50.30,18.79,10
592296,10,5.50,10.18,16,2.00,0.45,16,1.00,0.00,4,1316.00,38.85,2,1573.70,386.06,10,42.50,5.75,10
593251,10,5.40,10.88,16,1.10,0.54,1,0.90,0.30,4,1269.80,29.69,2,1579.10,398.87,10,46.40,8.88,10
594257,10,5.00,10.01,16,1.80,0.40,16,1.20,0.40,4,1780.90,572.94,2,1808.90,502.79,10,46.60,26.74,10
595244,10,5.10,9.30,16,2.00,0.45,16,1.20,0.40,4,1668.00,561.53,2,1762.30,509.17,10,50.90,23.22,10
596243,10,6.30,13.91,16,1.80,0.40,16,1.20,0.40,4,1534.60,407.85,2,1389.30,33.13,10,43.60,3.93,10
597204,10,7.10,13.32,16,2.30,0.64,16,1.70,0.46,4,1301.90,34.19,2,1410.20,45.47,10,43.90,4.16,10
598183,10,5.20,10.61,16,1.40,0.49,16,0.80,0.40,4,1406.40,410.74,2,1666.50,378.25,10,47.60,12.53,10
599115,10,8.00,19.34,16,1.80,0.40,16,1.00,0.00,4,1600.80,505.89,1,1900.50,537.31,10,46.70,10.03,10
600108,10,5.30,10.24,16,1.60,0.49,16,0.80,0.40,4,1658.70,334.20,2,1926.80,514.99,10,47.70,11.76,10
601074,10,5.40,11.54,16,1.70,0.46,16,0.70,0.46,4,1330.50,70.59,2,1370.90,68.08,10,51.00,14.39,10
602019,10,5.10,9.30,16,1.70,0.64,16,1.10,0.30,4,1266.50,37.89,2,1456.30,78.25,10,45.10,14.54,10
602964,10,4.60,10.80,1,2.00,0.45,16,0.90,0.54,1,1270.30,33.27,2,1523.70,405.23,10,53.70,30.54,10
603906,10,5.00,9.00,16,1.80,0.60,16,1.00,0.45,4,1623.70,513.04,2,1961.60,578.92,10,46.80,13.38,10
604923,10,4.40,9.21,1,1.60,0.66,16,0.80,0.40,4,1660.30,441.19,2,1840.00,485.03,10,50.80,37.34,10
605915,10,5.40,8.88,16,2.50,0.67,16,1.40,0.49,4,1634.30,497.79,2,1442.00,122.91,10,49.30,20.27,10
606869,10,6.10,12.31,16,1.20,0.40,1,0.90,0.30,4,1265.00,38.26,1,1382.00,35.48,10,47.10,21.94,10
607861,10,4.60,9.16,16,1.60,0.49,16,0.60,0.49,4,1261.50,47.33,2,1494.90,83.46,10,44.10,3.96,10
608793,10,7.50,16.51,16,2.00,0.00,16,0.90,0.54,4,1626.80,551.07,2,1915.20,536.99,10,46.70,15.73,10
609823,10,11.50,30.50,16,1.70,0.46,16,0.70,0.46,4,1626.00,481.52,2,1832.50,451.99,10,54.70,31.64,10
610788,10,5.30,10.25,16,0.80,0.40,1,0.80,0.40,4,1691.30,554.24,2,1546.60,356.43,10,40.60,4.61,10
611758,10,5.00,10.01,16,1.40,0.49,16,0.90,0.54,1,1280.80,79.71,2,1441.60,100.92,10,42.80,4.60,10
612714,10,7.20,15.28,16,2.10,0.54,16,0.90,0.30,4,1302.10,48.04,2,1391.80,29.55,10,43.40,2.87,10
613669,10,5.00,9.67,16,1.70,0.46,16,0.90,0.30,4,1664.50,548.34,2,1851.20,485.81,10,53.70,29.74,10
614649,10,8.20,14.95,16,2.20,0.40,16,1.40,0.49,4,1699.50,504.12,2,1919.30,507.30,10,47.30,13.27,10
615578,10,5.00,11.01,16,1.50,0.50,16,0.70,0.46,4,1683.60,479.41,2,1662.80,494.49,10,46.80,3.03,10
616556,10,5.40,10.88,16,2.00,0.63,16,1.00,0.45,4,1310.90,27.75,1,1408.10,57.93,10,43.30,4.29,10
617487,10,5.30,10.24,16,2.00,0.45,16,0.60,0.49,1,1318.10,49.50,2,1443.50,104.47,10,54.80,16.79,10
618477,10,6.00,12.68,16,2.20,0.40,16,1.10,0.30,4,1548.80,343.91,2,1924.70,629.84,10,51.80,18.65,10
619473,10,10.60,26.80,16,1.00,0.45,1,0.90,0.30,1,1670.00,464.59,2,1953.00,599.88,10,52.70,27.14,10
620467,10,5.60,10.81,16,2.00,0.00,16,1.00,0.00,4,1664.60,485.45,2,1709.80,425.67,10,41.70,5.35,10
621446,10,5.40,11.23,16,1.70,0.46,16,1.00,0.00,4,1309.50,32.66,2,1469.70,125.10,10,46.90,18.09,10
622389,10,4.40,10.21,1,1.70,0.46,16,1.10,0.30,1,1274.30,51.02,2,1548.20,410.77,10,42.30,6.21,10
623334,10,5.90,9.72,16,2.20,0.75,16,1.70,0.64,4,1269.80,63.51,2,2028.50,575.51,10,45.00,14.53,10
624331,10,6.40,13.20,16,1.90,0.30,16,0.50,0.50,1,1706.00,457.85,2,2007.70,554.71,10,46.70,12.39,10
625314,10,5.00,9.34,16,1.70,0.46,16,0.70,0.46,4,1719.80,476.54,2,1888.00,479.44,10,53.20,28.29,10
626304,10,5.10,10.64,16,1.60,0.49,16,0.70,0.46,4,1319.80,48.58,2,1417.70,62.67,10,49.50,21.45,10
627281,10,4.70,8.79,16,1.60,0.49,16,0.60,0.49,4,1292.30,48.90,2,1596.00,390.00,10,47.50,15.95,10
628259,10,6.30,13.24,16,1.00,0.45,1,0.90,0.30,4,1301.30,22.95,2,1737.90,537.49,10,49.20,13.86,10
629207,10,5.10,9.31,16,1.90,0.30,16,1.10,0.30,4,1749.30,478.86,1,2055.10,500.82,10,45.20,13.98,10
630139,10,5.10,10.31,16,1.70,0.64,16,1.10,0.30,4,1717.30,471.95,1,2002.60,597.45,10,43.20,10.04,10
631126,10,4.70,8.45,16,1.80,0.40,16,1.00,0.00,1,1535.60,388.76,2,1441.50,25.92,10,39.70,8.12,10
632083,10,6.40,11.88,16,9.40,22.54,16,1.20,0.40,4,1297.90,43.67,2,1432.80,29.85,10,47.60,22.26,10
633054,10,6.30,12.91,16,1.90,0.30,16,0.70,0.46,1,1274.50,39.99,2,1492.50,69.02,10,49.70,29.19,10
633988,10,5.10,9.30,16,1.80,0.60,16,1.00,0.00,4,1820.40,600.68,1,1849.10,558.67,10,55.50,31.84,10
634961,10,4.60,9.15,16,1.50,0.50,16,0.70,0.46,4,1931.60,631.34,1,1959.20,472.50,10,58.40,41.37,10
635898,10,5.70,11.10,16,2.10,0.30,16,1.10,0.30,4,1745.20,555.84,2,1492.80,55.34,10,48.00,19.66,10
636830,10,5.40,10.20,16,1.30,0.46,1,0.90,0.30,4,1529.80,387.99,2,1443.70,36.59,10,48.10,22.64,10
637818,10,5.10,8.97,16,1.80,0.40,16,0.80,0.40,4,1296.70,73.85,2,1440.80,33.71,10,51.10,21.23,10
638818,10,6.30,14.24,16,1.60,0.49,16,1.10,0.30,4,1873.90,631.14,2,1821.60,435.42,10,53.50,34.87,10
639796,10,5.80,11.07,16,2.10,0.30,16,1.10,0.30,4,1740.00,494.23,2,1994.40,518.38,10,55.10,31.86,10
640775,10,5.60,10.14,16,2.70,0.90,16,2.40,3.56,4,1900.70,562.58,2,1432.00,48.85,10,47.50,18.46,10
641718,10,7.80,17.74,16,1.90,0.54,16,0.70,0.46,4,1332.60,47.45,2,1436.40,51.36,10,44.40,4.05,10
642695,10,4.90,9.71,16,1.00,0.00,1,0.90,0.54,4,1527.50,382.61,2,1421.10,21.50,10,49.70,18.09,10
643633,10,5.50,11.84,16,1.80,0.40,16,1.00,0.45,4,1705.40,686.19,2,1939.60,476.76,10,72.90,46.43,10
644613,10,4.90,9.04,16,2.70,1.19,16,1.10,0.30,4,1931.80,615.65,2,1917.90,532.01,10,56.50,37.41,10
645581,10,6.90,15.37,16,1.00,0.45,1,0.70,0.46,4,1838.80,611.26,2,1680.60,438.16,10,46.40,13.37,10
646495,10,4.50,9.84,1,2.30,0.78,16,1.20,0.40,4,1348.60,53.31,1,1460.50,34.56,10,47.60,17.33,10
647450,10,6.80,15.41,16,1.90,0.54,16,1.10,0.30,4,1328.10,33.71,2,1466.40,57.08,10,50.40,5.16,10
648422,10,5.70,10.77,16,1.80,0.40,16,0.80,0.40,4,1479.20,425.00,1,2023.80,651.81,10,49.60,22.74,10
649417,10,6.70,13.12,16,2.40,0.49,16,1.30,0.46,4,1724.30,462.01,2,2075.10,605.02,10,48.00,19.64,10
650391,10,5.20,11.28,16,1.20,0.40,1,0.70,0.46,4,1788.70,528.28,2,1869.20,546.99,10,44.00,2.90,10
651354,10,4.80,8.08,16,2.00,0.00,16,1.00,0.00,4,1337.20,69.97,1,1630.40,418.28,10,46.20,14.56,10
652303,10,4.70,9.11,16,2.00,0.00,16,1.00,0.45,4,1305.70,79.50,2,1515.40,108.70,10,47.40,13.88,10
653266,10,4.90,8.71,16,1.50,0.50,16,0.80,0.75,4,1342.40,49.35,2,1860.00,573.06,10,49.00,15.67,10
654252,10,12.40,31.20,16,2.10,0.30,16,1.00,0.45,4,1844.80,620.08,2,1882.50,550.44,10,51.80,39.73,10
655209,10,5.40,11.21,16,1.70,0.64,16,1.00,0.00,1,1925.80,662.53,1,1920.80,484.00,10,67.80,49.05,10
656137,10,4.80,10.08,16,1.60,0.49,16,1.00,0.00,1,1536.20,377.72,1,1447.30,36.15,10,41.90,6.47,10
657113,10,4.90,8.72,16,1.80,0.40,16,0.70,0.46,1,1376.60,57.97,2,1465.70,41.93,10,45.80,3.40,10
658076,10,4.30,8.91,1,2.20,0.40,16,1.10,0.30,4,1326.00,43.67,2,1646.10,454.56,10,54.80,34.88,10
659119,10,15.80,30.69,16,2.60,0.92,16,0.80,0.40,4,1902.20,562.04,1,2041.90,630.17,10,47.30,12.41,10
660043,10,8.90,20.37,16,2.40,0.49,16,1.00,0.00,4,1798.80,464.30,2,2031.00,599.78,10,59.30,35.08,10
661017,10,14.10,37.31,16,1.70,0.46,16,1.00,0.00,4,1753.80,585.85,2,1471.60,52.21,10,48.50,19.51,10
662017,10,5.80,11.41,16,1.20,0.40,1,1.00,0.45,4,1339.60,49.47,2,1589.50,431.93,10,47.40,14.89,10
662987,10,6.50,13.17,16,2.20,0.40,16,1.20,0.40,4,1390.50,92.82,1,1453.50,50.41,10,41.30,4.41,10
663989,10,4.60,8.49,16,1.80,0.40,16,1.10,0.30,4,1726.30,634.73,2,2027.60,546.18,10,64.10,39.44,10
664950,10,6.50,13.51,16,2.00,0.00,16,1.10,0.30,4,2034.40,835.31,1,1924.90,498.49,10,51.50,28.75,10
665902,10,5.00,9.01,16,1.70,0.46,16,1.10,0.54,1,1831.50,517.45,2,1681.30,396.62,10,44.60,5.02,10
666893,10,5.80,11.07,16,1.40,0.66,1,1.20,0.40,1,1327.20,73.73,2,1433.20,67.33,10,48.60,19.99,10
667886,10,8.90,23.37,1,1.80,0.40,16,0.80,0.60,1,1345.10,26.06,2,1507.60,83.27,10,50.70,19.48,10
668817,10,6.30,16.24,1,1.20,0.40,1,1.40,0.49,4,1513.70,409.12,2,1983.40,623.54,10,47.80,11.69,10
669782,10,4.80,9.41,16,1.00,0.45,1,1.00,0.45,4,1841.50,477.35,2,2099.90,540.62,10,55.10,30.62,10
670757,10,5.70,12.11,16,1.50,0.50,16,0.70,0.46,4,1931.40,620.26,2,1751.70,371.74,10,47.50,25.81,10
671686,10,9.20,22.60,16,1.70,0.46,16,1.20,0.40,4,1523.10,434.55,2,1464.30,43.84,10,50.70,22.30,10
672680,10,4.20,9.94,1,1.50,0.50,16,0.90,0.54,4,1358.90,31.26,2,1489.00,45.87,10,52.40,16.67,10
673634,10,5.00,8.68,16,0.80,0.40,1,1.20,0.40,4,1491.10,396.72,2,1928.80,503.10,10,59.10,33.83,10
674574,10,4.90,9.71,16,1.50,0.50,16,0.70,0.46,1,1904.10,637.53,1,1949.20,502.29,10,53.00,34.24,10
675543,10,4.40,9.21,1,2.70,0.46,16,1.20,0.40,4,1837.90,590.18,2,1948.70,494.38,10,187.20,391.73,10
676501,10,5.30,12.57,1,2.10,0.30,16,1.00,0.45,4,1342.50,51.47,2,1477.10,36.26,10,50.90,18.86,10
677480,10,5.10,10.31,16,1.70,0.46,16,0.70,0.46,1,1406.50,74.17,1,1467.50,48.46,10,51.10,20.16,10
678425,10,4.70,10.77,1,1.80,0.40,16,0.80,0.40,4,1468.20,416.70,2,1478.10,69.26,10,191.00,433.68,10
679431,10,5.20,9.61,16,2.00,0.00,16,1.00,0.00,4,1824.60,597.73,2,2093.40,651.75,10,50.40,19.01,10
680401,10,4.20,9.27,1,1.10,0.30,1,1.00,0.00,4,1928.50,630.39,2,1990.60,496.36,10,49.10,19.54,10
681401,10,4.80,8.74,16,3.20,0.87,16,1.50,0.50,4,1772.90,558.97,1,1481.00,49.28,10,49.00,17.47,10
682387,10,5.50,11.17,16,1.80,0.40,16,1.10,0.30,4,1355.50,41.11,2,1676.50,415.40,10,52.40,15.85,10
683332,10,6.30,13.24,16,1.80,0.40,16,0.90,0.54,4,1351.70,103.36,2,1601.40,404.78,10,44.10,3.91,10
684306,10,6.60,13.47,16,2.20,0.60,16,1.30,0.46,4,1686.30,564.08,2,2035.80,488.70,10,196.10,429.70,10
685268,10,7.70,18.11,16,0.90,0.30,1,0.70,0.46,4,1931.10,577.26,2,1953.00,589.34,10,54.30,25.35,10
686240,10,5.50,10.51,16,1.10,0.30,1,0.90,0.54,4,2087.80,626.99,1,1746.80,378.31,10,48.80,3.03,10
687202,10,5.20,9.95,16,1.50,0.50,16,0.80,0.40,4,1407.70,70.84,2,1480.30,42.67,10,47.70,16.32,10
688175,10,4.60,8.49,16,2.20,0.40,16,1.10,0.30,4,1360.10,175.33,1,1487.80,24.06,10,47.20,2.40,10
689140,10,4.70,8.78,16,1.90,0.54,16,1.10,0.30,4,1477.80,419.75,2,1873.90,513.25,10,47.90,18.01,10
690057,10,5.90,11.04,16,1.10,0.54,1,1.10,0.30,4,1982.70,652.27,2,2110.90,624.21,10,51.80,17.20,10
691040,10,5.00,10.01,16,1.60,0.49,16,0.90,0.30,1,1994.20,686.09,2,1973.50,575.69,10,55.20,35.23,10
692028,10,4.60,9.48,16,12.70,32.43,16,1.00,0.00,1,1517.80,439.83,2,1475.80,36.65,10,43.10,4.13,10
692994,10,8.20,16.96,16,2.20,0.40,16,1.10,0.30,4,1415.00,66.16,2,1560.30,73.10,10,42.10,4.61,10
693942,10,5.50,13.84,1,2.00,0.45,16,0.80,0.40,4,1468.90,406.33,1,1476.80,38.49,10,54.00,26.13,10
694938,10,6.90,14.70,16,1.80,0.40,16,0.80,0.40,1,1876.50,584.99,2,2201.20,648.86,10,49.50,23.15,10
695906,10,5.10,9.64,16,1.20,0.40,1,0.90,0.30,4,1822.50,531.63,2,2084.40,670.73,10,55.80,33.47,10
696904,10,4.30,9.57,1,2.10,0.30,16,0.70,0.46,1,1964.90,571.65,2,1512.80,48.92,10,44.40,5.70,10
697808,10,4.90,8.38,16,1.80,0.60,16,1.00,0.45,4,1520.10,465.39,1,1465.90,43.94,10,48.10,15.07,10
698729,10,5.20,9.95,16,1.90,0.54,16,0.90,0.30,1,1386.90,88.63,2,1508.00,88.44,10,40.60,5.30,10
699685,10,4.60,9.49,1,2.00,1.18,16,0.80,0.40,1,1693.40,555.91,2,2069.70,607.30,10,47.50,12.71,10
700613,10,10.60,25.80,16,1.90,0.30,16,1.10,0.54,4,1895.60,529.27,2,2069.50,619.51,10,56.80,34.74,10
701605,10,5.50,12.18,1,1.60,0.49,1,1.30,0.46,4,1918.70,612.92,1,1935.90,513.05,10,45.30,7.56,10
702550,10,5.60,12.48,16,2.00,0.45,16,1.00,0.45,4,1429.40,108.50,1,1514.10,45.26,10,46.60,4.67,10
703503,10,4.90,9.72,16,1.90,0.54,16,1.10,0.30,4,1355.70,42.59,1,1517.60,53.49,10,52.40,11.18,10
704413,10,7.10,15.31,16,1.90,0.30,16,1.30,0.46,4,1534.00,389.79,2,2071.90,566.24,10,54.90,31.13,10
705336,10,5.20,12.27,1,1.10,0.30,1,0.80,0.40,1,1825.60,532.99,2,2267.80,560.54,10,43.80,8.59,10
706296,10,5.30,9.57,16,6.20,12.27,16,1.10,0.30,4,1807.80,550.76,2,2106.40,637.75,10,51.80,21.83,10
707277,10,5.90,11.71,16,2.30,0.46,16,1.00,0.00,4,1480.10,120.19,2,1640.60,408.07,10,46.40,14.53,10
708268,10,5.10,10.31,16,0.80,0.40,1,0.90,0.54,4,1393.80,41.61,2,1498.40,26.92,10,49.40,17.26,10
709254,10,7.30,15.91,16,2.10,0.54,16,1.10,0.30,4,1562.10,474.94,2,1724.90,399.42,10,52.60,30.60,10
710234,10,5.60,10.14,16,2.90,0.30,16,1.70,0.46,4,1894.00,571.20,2,2166.50,659.99,10,58.00,36.84,10
711231,10,7.10,15.64,16,1.80,0.40,16,0.80,0.40,1,2109.60,639.20,2,2118.70,579.36,10,56.90,32.62,10
712232,10,4.40,9.87,1,1.80,0.40,16,0.80,0.40,1,1795.40,544.18,2,1559.60,71.63,10,40.30,5.10,10
713198,10,5.10,9.30,16,1.40,0.49,16,0.80,0.60,4,1422.00,60.09,2,1647.80,430.36,10,46.50,15.51,10
714168,10,5.10,10.31,16,1.90,0.30,16,1.10,0.30,4,1378.70,23.73,1,1691.70,405.73,10,43.40,5.64,10
715108,10,5.70,11.11,16,1.90,0.30,16,0.80,0.40,1,1734.70,617.91,2,2074.80,623.18,10,55.10,33.25,10
716126,10,7.20,16.28,16,1.70,0.64,16,0.80,0.60,4,1994.50,621.69,2,2111.20,564.28,10,50.80,25.47,10
717110,10,5.00,8.67,16,1.90,0.54,16,0.80,0.40,4,1989.50,621.96,2,1927.60,486.11,10,46.80,17.79,10
718061,10,4.10,9.31,1,1.90,0.54,16,1.10,0.30,4,1447.50,108.41,2,1518.20,49.30,10,43.30,5.12,10
719041,10,5.20,9.94,16,2.90,1.81,16,1.20,0.40,4,1598.90,381.47,2,1522.70,31.51,10,43.40,6.64,10
719998,10,5.20,11.61,16,1.50,0.50,16,0.60,0.49,4,1442.80,63.46,2,2051.40,621.91,10,63.40,42.30,10
720999,10,8.70,20.44,16,1.10,0.30,1,1.00,0.00,4,1827.70,553.76,2,2135.80,666.27,10,58.90,41.63,10
721942,10,5.40,10.20,16,1.90,0.30,16,1.00,0.00,4,1962.20,627.81,2,2277.60,732.18,10,41.10,9.72,10
722930,10,4.90,8.70,16,2.10,0.30,16,1.10,0.30,4,1420.40,54.14,1,1694.70,413.99,10,46.70,17.56,10
723908,10,4.70,11.10,1,0.90,0.30,1,0.80,0.40,4,1380.10,47.60,1,1646.20,430.56,10,38.70,5.31,10
724893,10,5.30,11.25,16,1.60,0.49,16,0.90,0.30,1,1354.90,40.88,2,1850.60,528.05,10,48.30,13.76,10
725857,10,5.40,9.88,16,2.00,0.00,16,1.20,0.40,4,1968.20,643.29,1,2203.60,651.19,10,39.00,4.54,10
726878,10,7.10,14.97,16,11.20,27.60,16,0.90,0.54,4,2063.90,616.50,1,2167.50,668.35,10,53.80,21.87,10
727814,10,6.70,13.44,16,2.90,0.70,16,1.30,0.46,1,1834.80,623.00,1,1752.80,466.81,10,53.00,19.60,10
728772,10,6.20,12.61,16,1.90,0.30,16,0.80,0.40,1,1419.10,41.56,2,1642.40,447.02,10,41.00,6.48,10
729736,10,5.80,11.40,16,1.80,0.75,16,0.70,0.46,4,1387.40,44.67,2,1724.00,399.08,10,48.40,14.24,10
730680,10,4.90,10.04,16,1.80,0.40,16,1.00,0.00,4,1567.80,392.17,2,2259.50,600.43,10,54.70,29.33,10
731640,10,5.30,10.57,16,1.00,0.00,1,0.60,0.49,1,2020.50,603.92,1,2218.30,597.47,10,48.20,20.68,10
732625,10,4.80,9.08,16,2.10,0.30,16,1.10,0.30,4,1995.30,608.63,2,1957.90,548.38,10,57.70,25.22,10
733598,10,5.00,9.67,16,2.10,0.54,16,7.20,19.27,1,1487.20,82.54,2,1732.10,419.18,10,48.70,3.44,10
734589,10,4.60,10.47,1,1.80,0.40,16,1.20,0.40,4,1474.30,113.72,2,1712.70,402.18,10,59.30,17.60,10
735542,10,5.60,10.82,16,1.80,0.60,16,1.00,0.45,4,1439.80,60.46,2,2202.80,680.45,10,43.70,9.24,10
736482,10,5.90,9.72,16,2.70,0.64,16,1.20,0.40,4,1925.60,586.00,2,2240.10,637.15,10,69.00,55.25,10
737480,10,6.00,12.67,16,1.20,0.40,1,0.90,0.30,4,1985.40,587.02,2,2157.00,704.28,10,44.20,17.47,10
738461,10,4.90,9.04,16,2.00,0.00,16,1.00,0.45,4,1807.70,552.04,2,1560.10,55.14,10,52.70,13.39,10
739431,10,7.40,17.21,16,0.80,0.40,1,0.70,0.46,4,1373.70,50.66,1,1664.80,396.27,10,52.40,17.33,10
740347,10,4.90,9.39,16,0.90,0.30,1,0.90,0.54,4,1609.00,411.49,2,1519.20,38.58,10,53.30,23.79,10
741322,10,5.10,9.65,16,1.10,0.30,1,1.20,0.40,4,2218.90,884.66,1,2120.30,620.44,10,60.10,37.15,10
742329,10,5.10,9.30,16,1.20,0.40,1,1.10,0.30,4,2039.20,625.56,2,2181.20,614.29,10,70.40,47.96,10
743295,10,4.10,8.97,1,2.20,0.40,16,0.90,0.30,4,2083.40,727.11,1,1739.40,392.69,10,51.10,18.25,10
744280,10,5.10,8.98,16,2.00,0.45,16,1.10,0.30,4,1545.60,414.13,2,1519.80,75.77,10,46.10,4.68,10
745229,10,5.10,8.64,16,2.10,1.70,1,1.30,0.46,1,1636.80,398.67,2,1557.80,24.83,10,52.30,15.06,10
746193,10,5.70,10.80,16,5.70,11.11,16,0.90,0.54,1,1897.90,702.76,2,1991.90,583.00,10,62.80,33.20,10
747144,10,5.30,12.90,1,2.40,0.49,16,0.80,0.40,1,2045.80,712.47,1,2212.70,570.32,10,70.80,48.51,10
748104,10,5.10,9.30,16,1.80,0.40,16,0.90,0.30,1,1988.10,627.54,2,2011.80,611.62,10,33.30,5.92,10
749040,10,4.20,8.94,1,8.20,19.61,16,1.00,0.45,1,1429.40,32.67,2,1646.60,433.16,10,45.30,4.98,10
749992,10,5.10,9.65,16,1.10,0.30,1,0.60,0.49,1,1688.50,411.21,2,1571.90,35.66,10,51.40,16.68,10
750964,10,4.30,9.57,1,6.00,12.00,16,1.00,0.45,4,1553.90,394.09,2,1903.70,614.52,10,55.60,17.84,10
751930,10,6.00,12.34,16,1.80,0.40,16,0.90,0.30,4,2039.40,622.16,1,2202.60,625.46,10,72.20,47.65,10
752876,10,5.70,10.44,16,2.10,0.30,16,1.10,0.30,4,2170.50,683.34,2,2260.80,602.16,10,65.90,34.49,10
753837,10,6.80,11.75,16,2.20,0.40,16,1.20,0.40,1,1955.60,624.86,2,1715.90,406.03,10,51.70,19.84,10
754748,10,7.20,16.28,16,1.20,0.40,1,0.90,0.30,4,1591.70,412.34,2,1574.60,70.80,10,54.60,14.40,10
755705,10,4.90,9.05,16,5.50,13.50,1,0.80,0.40,1,1554.00,440.70,2,1551.80,32.59,10,43.60,4.88,10
756672,10,4.60,8.14,16,1.40,0.49,16,0.70,0.46,1,2015.60,621.43,2,2210.60,664.94,10,55.90,33.01,10
757644,10,5.30,9.26,16,1.70,0.46,16,0.90,0.30,1,1869.90,582.10,2,2240.10,647.52,10,56.10,36.32,10
758654,10,4.90,9.04,16,1.20,0.40,1,1.10,0.30,4,1896.40,515.02,2,1724.80,562.24,10,43.90,4.85,10
759631,10,5.00,9.01,16,1.80,0.60,16,0.80,0.40,4,1544.30,405.24,1,1601.70,114.75,10,50.90,17.56,10
760574,10,5.70,10.44,16,1.20,0.40,1,0.80,0.40,4,1565.40,396.85,1,1543.80,42.91,10,43.70,5.08,10
761571,10,5.20,12.60,1,2.00,0.63,16,1.10,0.30,1,1723.30,561.03,2,2218.60,658.07,10,185.40,433.58,10
762560,10,5.80,9.75,16,1.30,0.46,1,1.40,0.49,1,2037.30,645.89,2,2184.40,668.13,10,50.50,22.46,10
763550,10,5.20,11.94,1,1.40,0.49,1,1.20,0.40,4,2053.70,677.34,2,2195.90,652.90,10,50.40,10.31,10
764513,10,4.30,8.59,16,2.10,0.30,16,0.80,0.60,1,1443.20,46.01,1,1756.50,384.75,10,59.10,20.65,10
765489,10,9.00,16.20,1,1.10,0.30,1,1.10,0.30,4,1524.30,428.36,2,1555.60,35.41,10,50.40,17.01,10
766440,10,3.90,9.04,1,1.00,0.00,1,1.00,0.45,4,1699.30,575.64,1,1918.60,588.04,10,197.20,443.94,10
767414,10,4.50,9.84,1,1.20,0.40,1,1.10,0.30,4,2206.30,632.20,1,2251.10,646.60,10,52.20,23.17,10
768401,10,4.30,9.57,1,1.90,0.30,16,1.20,0.40,4,2304.60,878.31,2,2283.60,597.63,10,48.80,16.82,10
769396,10,4.30,9.90,1,2.10,0.30,16,1.00,0.00,1,2129.50,1075.84,2,1629.30,102.80,10,194.10,444.65,10
770336,10,5.40,9.87,16,1.50,0.50,16,0.90,0.30,4,1630.10,358.05,2,1583.90,69.27,10,52.20,23.81,10
771302,10,4.50,9.52,1,3.00,0.63,16,1.50,0.67,4,1784.70,527.33,1,1618.90,56.32,10,191.80,433.08,10
772280,10,5.60,11.47,16,1.50,0.50,16,0.60,0.49,4,1878.70,606.00,1,2262.30,632.65,10,53.20,34.46,10
773210,10,4.90,10.38,16,1.70,0.46,16,0.80,0.40,1,2147.50,636.22,1,2256.50,700.39,10,305.60,524.60,10
774177,10,5.50,12.18,16,0.90,0.30,1,0.70,0.46,4,1954.50,518.71,2,2402.10,1120.40,10,51.80,14.38,10
775165,10,4.70,9.45,16,1.90,0.30,16,1.00,0.45,1,1585.10,397.69,2,1715.70,355.11,10,46.10,4.91,10
776133,10,5.10,9.97,16,1.20,0.40,1,1.10,0.30,4,1870.30,921.47,2,1701.70,408.23,10,45.80,5.83,10
777100,10,5.10,8.98,16,2.00,0.63,16,0.70,0.46,1,1513.80,352.22,1,2065.50,703.67,10,228.40,521.90,10
778091,10,128.10,379.97,16,0.90,0.30,1,1.10,0.30,4,2037.00,571.35,1,2370.70,643.77,10,58.90,33.52,10
779037,10,6.20,15.27,1,2.00,0.00,16,1.20,0.40,4,2248.60,614.36,2,2425.90,603.41,10,56.70,33.47,10
779990,10,5.80,10.42,16,2.50,0.81,16,1.40,0.49,1,1873.20,714.76,2,1812.50,443.90,10,44.20,7.04,10
780953,10,5.90,13.37,16,1.20,0.40,1,0.90,0.54,4,1646.60,452.01,2,1837.80,693.03,10,52.00,18.09,10
781904,10,3.80,8.74,1,1.40,0.49,16,0.60,0.49,4,1476.80,59.81,1,1964.20,542.21,10,48.50,7.49,10
782920,10,6.20,12.94,16,1.90,0.30,16,0.90,0.54,1,2021.50,632.62,1,2479.90,909.17,10,64.30,31.82,10
783889,10,5.20,10.27,16,0.80,0.40,1,0.60,0.49,1,2184.40,702.09,2,2519.70,1086.80,10,64.60,36.44,10
784817,10,5.50,8.89,16,2.40,0.80,16,0.90,0.30,1,2127.80,666.01,2,2328.20,1324.99,10,52.50,16.23,10
785809,10,7.20,16.94,16,1.10,0.30,1,0.90,0.30,4,1648.60,394.74,2,2140.40,1001.98,10,44.10,5.58,10
786754,10,5.30,10.57,16,1.50,0.50,16,1.00,0.45,1,1688.00,395.72,1,1740.10,416.87,10,50.30,16.46,10
787727,10,9.20,21.60,16,2.20,0.75,16,1.40,0.49,4,1690.90,507.06,2,2780.70,1418.24,10,210.60,487.80,10
788665,10,6.30,9.60,16,1.20,0.40,1,1.70,0.46,4,2354.80,1006.46,2,2304.40,636.29,10,64.50,38.58,10
789664,10,7.00,16.01,16,1.40,0.49,16,0.60,0.49,1,2246.70,921.18,2,2540.20,990.99,10,55.10,28.33,10
790595,10,12.50,23.25,16,1.50,0.50,16,0.90,0.30,4,2397.50,1160.04,2,2231.70,1059.48,10,47.40,4.43,10
791553,10,5.20,11.94,1,2.00,0.63,16,0.80,0.40,1,1877.00,1206.05,2,1743.10,393.26,10,46.40,5.46,10
792523,10,5.00,10.01,16,1.60,0.49,16,0.90,0.30,4,2046.60,1102.41,1,2069.40,723.43,10,57.60,10.17,10
793521,10,4.60,9.81,1,2.00,0.45,16,1.10,0.30,4,2603.80,1355.95,1,2476.00,751.52,10,50.80,9.94,10
794458,10,5.20,9.28,16,2.10,0.30,16,1.20,0.40,4,2507.40,1340.22,2,2376.70,653.82,10,54.50,18.29,10
795399,10,4.10,9.64,1,1.90,0.54,16,1.10,0.30,4,2680.00,1699.81,2,2038.20,956.39,10,55.10,19.84,10
796373,10,135.40,399.53,16,1.60,0.49,16,0.90,0.30,1,2373.60,1394.65,1,1607.00,39.52,10,52.50,19.26,10
797424,10,5.90,9.41,16,2.30,0.46,16,1.20,0.40,1,2116.40,1246.96,1,1926.30,831.68,10,48.70,16.86,10
798381,10,5.90,12.38,16,1.10,0.54,1,0.80,0.40,1,2289.50,1260.17,2,2414.40,660.87,10,49.90,15.38,10
799361,10,5.50,11.84,16,1.90,0.30,16,1.00,0.45,4,2562.50,1379.83,1,2288.10,619.35,10,53.80,34.82,10
800296,10,6.70,14.11,16,1.60,0.49,16,0.80,0.40,4,2586.80,1253.87,2,2095.90,920.88,10,49.10,3.01,10
801244,10,5.50,13.50,1,0.90,0.30,1,0.70,0.46,1,2295.60,1382.92,2,2061.20,940.51,10,174.00,383.01,10
802242,10,4.80,10.74,1,0.90,0.30,1,1.10,0.54,4,2923.00,1584.86,2,1866.80,792.16,10,52.90,15.69,10
803201,10,4.60,8.48,16,2.20,0.40,16,1.10,0.30,4,1654.10,439.43,2,2733.60,1396.34,10,55.90,21.23,10
804177,10,4.20,9.60,1,2.00,0.45,16,7.00,18.00,1,2395.10,1310.18,2,2920.30,1323.88,10,53.00,19.93,10
805162,10,4.60,10.47,1,1.20,0.40,1,1.20,0.40,4,2442.60,1394.17,2,3226.30,1896.46,10,47.20,15.07,10
806117,10,5.40,10.20,16,3.30,2.61,16,1.20,0.40,4,2023.40,1199.52,2,4063.90,1477.79,10,173.10,373.99,10
807065,10,5.40,12.54,1,1.90,0.30,16,0.60,0.49,1,2437.60,1743.85,1,3414.80,1500.66,10,171.90,366.04,10
808043,10,6.90,14.70,16,1.40,0.49,16,0.60,0.49,1,1956.10,1194.70,1,2396.60,1218.53,10,53.10,19.98,10
809000,10,6.80,14.74,16,7.10,14.97,16,0.90,0.30,1,2244.40,979.81,1,4959.00,2957.47,10,56.30,18.63,10
809989,10,5.90,11.71,16,1.80,0.60,16,0.80,0.40,4,2333.40,1022.63,1,5253.70,3109.34,10,54.60,15.66,10
810941,10,4.70,9.78,16,1.80,0.40,16,0.90,0.30,1,2270.20,912.01,2,5434.00,1904.46,10,172.90,382.41,10
811927,10,5.30,9.58,16,2.20,0.60,16,1.00,0.45,1,2256.40,1642.20,1,5200.30,445.37,10,46.60,6.20,10
812851,10,4.50,10.50,1,1.20,0.40,1,1.20,0.40,4,2043.90,1071.70,1,2538.50,1263.17,10,175.00,375.03,10
813803,10,5.70,11.77,16,1.80,0.60,16,1.10,0.30,4,2343.60,1384.28,1,4320.70,1134.30,10,203.70,469.47,10
814809,10,6.50,10.18,16,2.30,0.46,16,1.10,0.30,1,2608.80,1212.74,2,5377.10,3297.43,10,203.60,484.83,10
815809,10,8.00,17.67,16,1.20,0.40,1,0.90,0.30,4,2224.20,810.70,2,3212.90,2012.50,10,55.40,21.78,10
816802,10,5.30,10.25,16,1.80,0.60,16,0.80,0.40,1,2275.90,1267.31,2,3810.70,1934.74,10,53.30,15.23,10
817790,10,4.00,9.35,1,1.40,0.49,16,0.70,0.46,4,2043.20,904.52,1,3976.50,1426.40,10,52.30,18.96,10
818797,10,7.20,15.94,16,1.90,0.54,16,1.00,0.45,1,1907.70,1218.44,1,2847.50,1337.28,10,54.90,5.77,10
819796,10,5.30,10.25,16,1.10,0.30,1,1.20,0.40,4,2931.40,1479.58,1,3790.40,1538.53,10,55.30,12.57,10
820755,10,5.10,10.31,16,1.00,0.45,1,1.10,0.30,4,4880.60,2712.03,1,4688.60,2727.40,10,61.80,39.93,10
821718,10,4.40,9.87,1,156.90,464.37,16,1.00,0.45,4,4927.10,3509.80,1,4277.00,3213.59,10,49.50,15.14,10
822717,10,5.60,13.14,1,2.00,0.63,16,1.20,0.40,4,3178.60,1734.29,2,3097.50,1486.18,10,52.00,6.72,10
823703,10,7.40,15.54,16,2.80,0.40,16,1.30,0.46,1,2921.60,1280.09,1,2146.50,766.90,10,56.70,22.85,10
824707,10,3.90,9.37,1,1.20,0.40,1,0.80,0.40,4,2886.60,1582.05,1,2697.30,962.17,10,47.90,10.66,10
825652,10,5.60,11.14,16,1.10,0.30,1,0.90,0.30,4,2865.80,1679.46,2,2812.40,1217.02,10,73.00,50.92,10
826609,10,4.20,9.60,1,1.50,0.50,16,0.70,0.46,4,9711.70,862.34,2,3283.80,2031.24,10,59.80,44.25,10
827588,10,5.10,11.64,1,2.10,0.30,16,1.00,0.00,1,5437.90,2154.48,2,1861.70,541.13,10,49.20,15.79,10
828550,10,5.00,9.67,16,2.00,0.63,16,0.90,0.30,1,4497.60,1423.40,2,2050.50,888.27,10,53.00,22.71,10
829492,10,6.10,11.97,16,2.10,0.30,16,1.00,0.00,4,3367.00,1375.11,2,2045.90,858.68,10,63.30,47.67,10
830472,10,277.60,811.59,16,2.20,0.60,16,0.90,0.54,4,2724.80,1333.44,2,4089.80,1594.40,10,168.40,382.88,10
831433,10,4.90,11.37,1,1.40,0.49,1,1.00,0.00,1,3828.80,1764.84,1,2760.10,1177.50,10,50.10,15.90,10
832392,10,4.70,10.44,1,3.00,0.63,16,1.60,0.66,4,5158.90,2612.78,2,6762.60,1580.87,10,50.50,7.24,10
833315,10,8.20,18.61,16,1.00,0.00,1,0.60,0.49,4,2847.70,1801.35,1,6019.90,541.88,10,168.60,375.15,10
834260,10,4.80,10.74,1,1.00,0.00,1,1.10,0.83,4,3565.30,1980.91,2,5406.40,505.69,10,179.30,387.59,10
835264,10,5.20,9.95,16,1.70,0.46,16,1.00,0.00,4,5037.60,668.14,1,3308.30,1863.50,10,166.90,362.73,10
836217,10,3.90,9.05,1,0.80,0.40,1,0.70,0.46,4,5905.90,667.12,2,3499.20,1599.24,10,217.00,464.10,10
837208,10,5.20,12.27,1,1.20,0.40,1,0.90,0.54,4,6957.00,2655.71,2,6674.90,2745.42,10,61.50,37.48,10
838136,10,16.40,45.54,1,2.10,0.30,16,1.20,0.40,4,2603.20,1334.97,1,5427.20,878.19,10,164.80,364.42,10
839073,10,6.30,12.24,16,2.20,0.40,16,0.90,0.30,1,2518.90,1390.19,2,2947.40,1319.14,10,172.60,379.15,10
840060,10,4.80,8.75,16,1.20,0.40,1,1.10,0.30,1,4190.70,499.60,1,2254.90,978.20,10,174.60,378.82,10
840992,10,7.50,16.17,16,2.20,0.40,16,1.40,0.49,4,3845.60,1393.24,2,3958.50,1237.39,10,45.10,3.51,10
841911,10,6.30,14.24,16,1.80,0.60,16,0.60,0.49,4,3018.20,1478.30,2,4438.50,1085.98,10,179.90,384.04,10
842948,10,4.80,11.07,1,0.90,0.54,1,0.70,0.46,1,3454.30,1225.98,2,3759.80,1440.64,10,200.40,454.91,10
843911,10,6.90,17.37,1,1.50,0.92,1,0.90,0.30,1,2616.00,1662.42,1,2296.40,1207.48,10,47.70,4.90,10
844852,10,4.70,9.12,16,1.80,0.60,16,0.90,0.30,4,4393.40,847.14,1,2275.30,1009.91,10,44.00,5.92,10
845797,10,5.90,11.38,16,2.40,0.66,16,0.80,0.40,1,4225.40,524.89,1,2684.20,1364.89,10,62.70,46.12,10
846746,10,8.30,19.91,16,1.10,0.54,1,0.90,0.30,4,2703.60,1373.68,1,4624.90,1581.23,10,48.80,3.49,10
847721,10,4.80,10.41,1,1.30,0.46,1,1.10,0.30,4,3105.30,1012.94,2,3575.70,1841.26,10,303.20,766.95,10
848728,10,5.20,9.95,16,2.00,0.45,16,1.00,0.00,1,2828.40,1675.38,2,3009.20,1520.46,10,47.30,4.08,10
849746,10,5.00,11.67,1,2.30,0.46,16,1.50,0.50,4,3770.60,1234.51,2,2113.90,918.08,10,55.30,3.32,10
850672,10,5.70,11.11,16,2.10,0.54,16,1.00,0.00,4,4373.70,584.21,2,2682.70,1246.90,10,53.70,18.24,10
851672,10,5.80,12.07,16,1.70,0.46,16,0.90,0.30,4,3561.80,1185.27,1,5045.50,862.61,10,65.40,42.52,10
852644,10,4.00,8.67,1,2.00,0.00,16,1.10,0.30,4,2886.40,1464.42,2,4345.20,1317.57,10,172.20,374.96,10
853610,10,4.20,9.60,1,0.80,0.40,1,0.70,0.46,4,3750.50,1464.13,2,2530.40,964.20,10,164.80,387.11,10
854630,10,4.90,9.37,16,2.20,0.75,16,1.10,0.30,4,4201.80,1492.82,2,2142.80,1132.60,10,189.70,435.13,10
855582,10,6.50,16.51,1,1.00,0.45,1,0.60,0.49,1,4458.20,468.41,1,3216.20,1068.74,10,169.20,373.96,10
856539,10,6.20,14.94,1,2.20,0.40,16,1.00,0.45,4,2286.80,1209.71,1,3687.60,1112.83,10,48.30,6.59,10
857520,10,6.50,15.84,1,1.60,0.49,16,0.80,0.40,1,4030.20,1343.79,1,3181.60,1661.24,10,172.20,375.32,10
858511,10,5.40,12.21,1,2.30,0.46,16,1.20,0.40,1,4119.00,1676.14,2,3057.10,1233.00,10,47.80,7.91,10
859527,10,5.60,13.14,1,2.00,0.00,16,0.80,0.40,1,4559.30,1124.21,2,3018.10,1099.31,10,47.60,5.26,10
860487,10,5.80,12.10,16,1.80,0.60,16,0.60,0.49,1,3176.00,1770.82,2,3843.00,1229.04,10,46.40,3.90,10
861460,10,5.80,12.41,16,1.40,0.49,16,0.80,0.60,4,2314.30,1296.36,2,4418.30,681.39,10,177.40,389.56,10
862452,10,5.10,10.31,16,1.80,0.60,16,0.80,0.40,1,3118.60,1477.09,2,3489.30,1867.00,10,168.10,367.35,10
863424,10,4.50,10.17,1,1.50,0.50,16,0.80,0.40,4,4592.20,1713.23,2,3060.00,1124.88,10,55.70,21.56,10
864437,10,5.30,9.90,16,2.10,0.30,16,1.10,0.30,4,5073.30,665.44,1,3743.60,1526.23,10,47.60,5.80,10
865396,10,5.00,9.37,16,1.70,0.64,16,0.90,0.30,4,2973.70,1195.67,2,3806.60,770.17,10,190.50,398.54,10
866306,10,5.60,11.14,16,288.60,859.47,16,1.10,0.54,4,2415.50,1285.25,2,4450.70,492.11,10,171.50,380.53,10
867266,10,4.60,10.14,1,2.10,1.70,1,1.00,0.00,1,3494.00,1385.09,2,3929.00,1856.83,10,171.90,364.38,10
868219,10,5.00,11.67,1,290.50,865.50,16,1.10,1.04,1,5068.90,508.20,1,3491.90,1678.31,10,54.40,1.02,10
869164,10,5.30,10.24,16,2.00,0.45,16,1.00,0.45,4,5327.50,526.10,2,3944.40,1614.74,10,53.70,22.06,10
870131,10,8.70,22.44,1,1.70,0.46,16,0.80,0.40,4,3625.90,1271.67,1,4525.90,591.23,10,174.70,384.13,10
871083,10,4.80,9.41,16,1.70,0.46,16,1.10,0.54,4,3011.30,1738.97,1,4032.90,1312.33,10,165.50,365.22,10
872042,10,7.00,15.34,16,2.30,0.64,16,0.70,0.46,4,4417.60,639.25,1,2714.80,1222.10,10,45.90,5.87,10
872985,10,5.20,12.60,1,1.20,0.40,1,1.10,0.54,4,4717.30,906.14,2,3118.40,1332.42,10,53.90,20.46,10
873920,10,5.50,9.84,16,1.00,0.00,1,1.10,0.30,4,4024.70,1185.77,2,4745.20,1410.53,10,178.80,388.46,10
874912,10,5.20,10.61,16,0.80,0.40,1,1.00,0.45,4,3276.00,1904.20,2,5447.00,909.89,10,170.00,382.72,10
875923,10,5.70,13.44,1,303.70,905.10,16,1.60,0.49,4,3137.70,1310.27,2,4652.90,627.26,10,179.80,390.42,10
876882,10,5.50,11.17,16,2.00,0.63,16,0.70,0.46,1,4378.30,555.72,2,4475.40,573.71,10,174.50,388.19,10
877837,10,4.50,7.85,16,1.90,0.54,16,0.90,0.30,4,4727.90,617.60,2,4156.00,1037.82,10,49.10,3.18,10
878818,10,4.60,10.47,1,1.70,0.46,16,0.70,0.46,4,4564.70,2046.03,1,6364.40,675.75,10,168.30,374.31,10
879815,10,6.90,15.04,16,1.90,0.54,16,1.10,0.30,4,3653.00,1342.72,1,5986.80,504.99,10,204.00,482.68,10
880755,10,5.30,9.91,16,2.10,0.30,16,0.90,0.54,4,4793.80,1782.86,2,3159.00,1060.26,10,178.80,384.08,10
881703,10,5.90,10.38,16,1.20,0.40,1,0.90,0.54,1,2812.00,1501.93,2,3222.70,1617.79,10,186.10,389.63,10
882681,10,5.50,10.51,16,2.00,0.00,16,1.20,0.40,4,4695.00,976.42,2,4837.70,717.51,10,44.70,6.81,10
883624,10,4.90,11.04,1,1.10,0.30,1,1.10,0.30,4,3932.70,1333.97,1,5254.10,1557.45,10,222.70,513.47,10
884618,10,5.70,9.79,16,2.50,0.67,16,1.20,0.40,1,4224.60,1706.15,2,6131.40,461.16,10,210.60,477.81,10
885595,10,4.10,9.97,1,0.70,0.46,1,0.60,0.49,1,5857.40,1107.70,2,3968.70,1413.44,10,176.00,372.35,10
886503,10,6.10,12.97,16,2.20,0.75,16,0.80,0.40,1,4774.00,742.08,1,4229.20,984.87,10,173.60,376.83,10
887512,10,5.90,13.04,16,269.00,801.33,16,0.90,0.30,4,4680.70,670.34,2,4874.70,670.91,10,174.10,373.99,10
888498,10,5.70,13.44,1,1.10,0.30,1,1.00,0.00,4,2708.80,1435.37,2,5503.60,1036.84,10,50.00,5.16,10
889448,10,5.20,10.27,16,2.00,0.00,16,1.10,0.30,4,3940.80,1469.28,2,4107.20,1625.41,10,49.10,4.61,10
890415,10,5.60,12.14,16,1.20,0.40,1,1.20,0.40,4,6350.30,935.30,1,4731.70,1784.85,10,181.50,413.87,10
891402,10,5.50,12.51,1,1.30,0.46,1,0.90,0.30,4,4966.60,1860.22,2,3755.40,1034.36,10,169.50,377.53,10
892357,10,5.10,9.98,16,1.10,0.30,1,1.00,0.00,1,4933.40,877.80,1,5036.80,645.30,10,168.30,364.92,10
893336,10,4.60,10.47,1,1.40,0.66,1,1.50,0.67,1,4652.50,651.50,2,5048.40,514.07,10,195.80,440.13,10
894335,10,5.10,10.31,16,1.70,0.46,16,0.90,0.54,4,2621.70,1348.06,2,5673.70,2584.91,10,364.00,631.94,10
895277,10,5.70,11.11,16,0.90,0.30,1,0.60,0.49,1,8142.80,1016.11,2,6964.80,1339.23,10,176.20,398.31,10
896284,10,5.40,10.54,16,1.10,0.30,1,0.90,0.30,1,8156.00,699.87,2,7593.50,771.19,10,176.70,396.11,10
897266,10,6.10,12.31,16,1.90,0.30,16,0.70,0.46,4,4486.90,1971.93,2,6102.70,828.54,10,45.90,5.96,10
898208,10,4.80,9.75,16,1.90,0.54,16,1.00,0.45,1,5262.30,504.06,2,5875.70,648.50,10,183.10,392.98,10
899210,10,274.60,818.13,16,1.10,0.30,1,0.90,0.30,1,5093.50,511.37,1,5686.60,522.33,10,186.30,419.61,10
900196,10,4.70,9.13,16,1.80,0.40,16,0.90,0.30,4,5114.50,1522.28,2,6909.00,787.00,10,171.70,378.47,10
901174,10,5.00,9.67,16,1.20,0.40,1,1.20,0.40,4,7599.60,815.77,1,7275.20,707.58,10,289.20,482.76,10
902149,10,6.60,11.83,16,1.60,0.92,1,1.10,0.30,1,7101.10,687.07,2,6941.20,1262.75,10,178.80,381.76,10
903109,10,268.70,801.43,16,0.90,0.30,1,0.90,0.30,1,5707.60,585.33,1,6678.70,494.84,10,172.60,375.83,10
904046,10,5.60,11.14,16,1.90,0.54,16,0.90,0.54,4,5759.70,976.54,2,6335.20,596.49,10,185.20,418.63,10
905041,10,4.90,8.70,16,2.20,0.40,16,0.90,0.30,4,5640.50,1430.96,2,5483.00,822.02,10,163.40,354.92,10
906009,10,5.40,10.21,16,2.20,0.40,16,1.10,0.30,4,6711.20,559.65,1,7321.90,916.19,10,171.60,368.85,10
907002,10,5.40,11.88,1,2.10,0.83,16,0.70,0.46,1,6908.90,902.87,2,7679.60,774.06,10,174.60,386.17,10
907978,10,5.80,11.74,16,1.70,0.64,16,0.70,0.46,1,3977.70,1757.78,2,5645.50,511.35,10,173.00,375.71,10
908953,10,4.50,9.84,1,2.30,0.46,16,1.20,0.40,4,5318.20,195.35,2,5220.10,417.76,10,168.50,367.89,10
909940,10,6.30,14.24,16,1.10,0.70,1,1.20,0.40,4,5591.20,544.73,2,5167.20,416.92,10,172.00,376.36,10
910892,10,4.80,9.74,1,1.70,0.90,1,1.30,0.46,1,5692.90,653.72,2,5955.60,731.88,10,173.30,375.65,10
911858,10,5.90,12.37,16,1.40,0.49,16,0.70,0.46,4,5359.00,1105.04,1,6597.90,627.08,10,178.50,383.51,10
912818,10,4.70,10.44,1,0.90,0.54,1,0.80,0.40,1,5797.00,507.57,2,6437.00,533.22,10,43.50,6.09,10
913788,10,5.10,9.64,16,1.90,0.30,16,0.80,0.40,1,5865.90,1183.32,1,4982.50,917.25,10,48.40,4.43,10
914800,10,4.20,8.94,1,1.60,0.66,16,0.60,0.49,1,4943.60,1453.64,2,5787.10,566.72,10,168.70,375.45,10
915761,10,268.10,800.97,1,1.20,0.40,1,1.00,0.45,1,5516.80,1042.27,1,6085.60,668.18,10,174.00,375.70,10
916699,10,7.10,15.30,16,0.90,0.54,1,0.80,0.40,4,5824.10,985.55,2,7540.50,791.39,10,195.00,440.02,10
917683,10,7.20,16.61,16,1.10,0.30,1,0.80,0.40,4,5391.30,1634.14,2,7366.20,655.71,10,182.20,410.61,10
918643,10,7.50,19.50,1,1.80,0.40,16,0.80,0.40,1,6846.40,834.20,2,6024.80,974.87,10,186.20,418.30,10
919609,10,4.50,9.51,1,2.30,0.90,16,1.20,0.40,1,5622.40,838.51,2,5636.60,842.08,10,174.70,388.12,10
920549,10,5.60,11.81,16,270.20,803.93,16,1.10,0.30,4,5446.70,642.32,1,6027.80,652.73,10,47.10,7.18,10
921565,10,4.50,10.17,1,1.20,0.40,1,0.90,0.30,1,5376.00,742.02,2,6272.80,644.30,10,186.40,414.23,10
922492,10,4.40,9.87,1,1.10,0.30,1,0.80,0.40,1,6512.50,791.08,2,6914.20,459.42,10,179.10,399.34,10
923456,10,4.90,11.37,1,2.00,0.00,16,0.90,0.30,4,6669.60,392.51,1,6928.50,431.89,10,165.00,366.39,10
924407,10,6.40,15.54,1,1.20,0.40,1,1.10,0.30,4,7236.70,972.15,2,5645.30,912.76,10,169.50,370.53,10
925380,10,5.20,11.94,1,1.30,0.46,1,1.10,0.30,1,5629.60,620.13,1,6185.20,642.28,10,47.10,7.54,10
926382,10,6.10,11.97,16,1.20,0.40,1,1.10,0.30,4,5604.00,650.18,1,6502.50,646.81,10,185.20,398.61,10
927370,10,5.10,11.97,1,1.30,0.64,1,1.30,0.46,4,4701.70,1629.10,2,7699.10,760.50,10,189.00,424.04,10
928334,10,9.20,23.60,1,1.30,0.46,1,1.70,0.64,4,7267.20,921.92,1,7416.10,628.46,10,184.00,405.35,10
929291,10,5.80,12.41,16,1.50,0.50,16,0.60,0.49,1,7451.20,939.11,2,7121.10,808.73,10,171.30,377.28,10
930234,10,4.10,8.64,1,1.20,0.40,1,0.90,0.30,4,5377.70,865.47,2,6373.60,560.76,10,173.70,374.79,10
931203,10,5.70,12.11,16,1.00,0.00,1,0.70,0.46,1,5823.20,792.49,1,6714.00,467.79,10,187.40,414.88,10
932150,10,5.30,11.24,16,0.90,0.54,1,0.70,0.46,4,5709.70,705.38,2,6405.40,649.37,10,178.60,408.16,10
933106,10,5.40,10.57,16,1.80,0.60,16,1.00,0.00,4,7020.20,634.72,2,6809.50,517.09,10,176.80,392.42,10
934034,10,5.40,9.54,16,2.30,0.46,16,1.20,0.40,4,7550.10,944.86,1,7153.70,762.91,10,166.50,366.20,10
935038,10,3.90,8.04,1,2.10,0.30,16,1.00,0.00,1,7287.50,1066.89,1,6952.70,1016.40,10,169.60,364.84,10
935983,10,6.70,13.77,16,1.10,0.30,1,0.90,0.30,1,6041.10,594.36,2,6935.50,369.50,10,177.50,384.21,10
936962,10,5.50,10.17,16,246.30,731.23,16,1.30,0.46,4,5715.30,727.43,2,6733.20,193.28,10,173.80,387.42,10
937908,10,5.50,11.51,16,1.70,0.46,16,0.80,0.40,1,6376.40,921.73,2,7059.60,945.62,10,177.90,385.40,10
938875,10,5.80,11.74,16,1.10,0.30,1,0.80,0.40,1,8051.40,1308.65,1,7225.30,687.01,10,303.20,504.07,10
939773,10,4.50,9.18,1,1.60,0.49,1,0.90,0.30,1,7742.30,521.93,2,7818.50,817.04,10,292.10,487.03,10
940728,10,257.20,766.27,16,1.40,0.49,16,0.80,0.40,1,6331.80,651.57,2,6868.70,468.99,10,179.50,379.51,10
941671,10,251.70,749.43,16,1.00,0.45,1,1.00,0.45,4,5883.00,579.75,1,6917.10,747.75,10,177.70,394.11,10
942621,10,5.20,11.62,1,2.20,0.40,16,0.90,0.30,1,6501.60,1338.48,1,6572.70,448.21,10,184.40,432.21,10
943568,10,5.40,11.88,1,1.40,0.49,1,1.20,0.40,1,7688.00,577.25,1,7399.60,556.76,10,160.10,345.99,10
944519,10,5.20,9.94,16,2.30,0.46,16,1.00,0.45,1,8309.90,472.72,2,7862.90,1307.61,10,170.00,369.71,10
945505,10,5.30,11.91,1,1.60,0.92,1,1.30,0.46,4,7680.00,913.27,1,7082.50,1206.45,10,171.40,378.60,10
946454,10,6.20,12.95,16,2.10,0.30,16,0.70,0.46,1,6226.60,463.26,2,6941.20,634.15,10,177.20,388.98,10
947373,10,4.70,11.10,1,1.10,0.30,1,0.90,0.54,1,6322.10,1052.84,2,6855.70,444.11,10,174.20,382.65,10
948339,10,4.60,10.47,1,2.20,0.60,16,0.80,0.40,1,6719.10,1098.88,2,7340.70,855.30,10,181.50,409.18,10
949328,10,5.00,11.67,1,1.50,0.50,16,1.00,0.45,4,8265.90,1136.81,2,7711.20,956.48,10,178.10,391.70,10
950291,10,5.90,14.37,1,2.00,0.00,16,1.10,0.30,4,8244.20,864.93,1,8147.50,1041.73,10,169.20,364.95,10
951226,10,271.10,795.40,16,1.70,0.46,16,1.10,0.30,4,6548.20,890.40,2,7295.70,731.28,10,172.90,378.40,10
952165,10,5.00,11.34,1,1.60,0.66,1,1.30,0.64,4,6153.00,796.98,2,7180.10,619.17,10,178.60,395.15,10
953147,10,4.40,9.54,1,2.20,0.98,16,1.30,0.46,4,6701.80,1293.43,2,6447.60,924.93,10,173.30,373.26,10
954149,10,5.00,10.68,1,2.70,0.64,16,1.20,0.40,1,7464.40,929.19,1,7677.50,904.94,10,163.70,353.15,10
955168,10,6.70,14.44,16,1.00,0.45,1,0.50,0.50,1,7774.00,697.00,2,8239.80,1047.60,10,179.50,411.53,10
956112,10,5.80,11.41,16,1.20,0.40,1,1.00,0.00,4,7805.20,723.07,2,7832.60,1021.24,10,179.20,385.65,10
957119,10,5.00,11.67,1,2.20,0.40,16,1.20,0.40,4,6439.80,820.87,1,7287.00,655.41,10,180.40,399.22,10
958075,10,244.10,727.30,16,0.80,0.40,1,0.80,0.60,4,6475.40,666.50,2,7170.50,603.48,10,189.90,423.72,10
959057,10,6.20,12.27,16,2.10,0.30,16,1.20,0.40,4,6808.20,586.72,2,7362.50,941.29,10,174.40,378.89,10
959967,10,6.10,12.30,16,2.10,0.30,16,1.00,0.45,4,8326.60,1010.08,2,8096.80,801.72,10,174.00,376.36,10
960907,10,5.70,11.77,16,2.20,0.40,16,1.30,0.46,4,7933.60,958.21,2,8688.20,709.53,10,172.80,362.49,10
961864,10,7.70,16.44,16,1.40,0.49,1,1.50,0.50,4,6752.60,1003.59,2,7470.50,697.12,10,179.10,386.33,10
962871,10,5.40,12.54,1,2.70,0.64,16,1.20,0.40,4,6633.90,990.68,1,7150.70,552.74,10,181.30,398.26,10
963841,10,7.70,17.11,16,247.90,736.37,16,0.70,0.64,1,6744.20,719.56,1,6750.10,320.41,10,177.90,393.74,10
964813,10,5.60,10.81,16,1.10,0.30,1,0.70,0.46,1,7764.70,979.03,2,7803.60,807.40,10,288.60,478.17,10
965776,10,5.30,12.24,1,1.20,0.40,1,0.90,0.30,1,8457.30,951.18,2,8330.10,898.91,10,283.20,470.19,10
966779,10,4.40,9.54,1,2.30,0.46,16,1.10,0.30,4,7918.90,588.17,1,7994.00,1342.74,10,178.70,390.81,10
967723,10,6.50,13.84,16,1.90,0.30,16,2.30,4.24,4,6752.00,1107.77,2,7464.40,710.68,10,298.50,502.06,10
